종류	원래	한글
직접	ア	가
직접	イ	갈
직접	ウ	강
직접	エ	계
직접	オ	관
직접	カ	구
직접	キ	기
직접	ク	꽃
직접	ケ	노
직접	コ	달
직접	サ	도
직접	シ	디
직접	ス	란
직접	セ	러
직접	ソ	련
직접	タ	롬
직접	チ	리
직접	ツ	멜
직접	テ	묵
직접	ト	믿
직접	ナ	반
직접	ニ	방
직접	ヌ	보
직접	ネ	브
직접	ノ	사
직접	ハ	상
직접	ヒ	슈
직접	フ	식
직접	ヘ	약
직접	ホ	역
직접	マ	올
직접	ミ	우
직접	ム	운
직접	メ	워
직접	モ	음
직접	ヤ	이
직접	ユ	인
직접	ヨ	일
직접	ラ	임
직접	リ	자
직접	ル	잔
직접	レ	장
직접	ロ	조
직접	ワ	존
직접	ヲ	줄
직접	ン	지
직접	ァ	치
직접	ィ	코
직접	ゥ	크
직접	ェ	트
직접	ォ	티
직접	ャ	펀
직접	ュ	폰
직접	ョ	하
직접	ッ	혼
직접	ー	획
직접	Ａ	
직접	Ｂ	
직접	Ｃ	
직접	Ｄ	
직접	Ｅ	
직접	Ｆ	
직접	Ｇ	
직접	Ｈ	
직접	Ｉ	
직접	Ｊ	
직접	Ｋ	
직접	Ｌ	
직접	Ｍ	
직접	Ｎ	
직접	Ｏ	
직접	Ｐ	
직접	Ｑ	
직접	Ｒ	
직접	Ｓ	
직접	Ｔ	
직접	Ｕ	
직접	Ｖ	
직접	Ｗ	
직접	Ｘ	
직접	Ｙ	
직접	Ｚ	
゛	カ	그
゛	キ	길
゛	ク	꿈
゛	ケ	다
゛	コ	데
゛	サ	드
゛	シ	라
゛	ス	랑
゛	セ	레
゛	ソ	록
゛	タ	르
゛	チ	마
゛	ツ	무
゛	テ	문
゛	ト	바
゛	ハ	새
゛	ヒ	스
゛	フ	심
゛	ヘ	언
゛	ホ	예
゛	ウ	객
゜	ハ	성
゜	ヒ	시
゜	フ	아
゜	ヘ	에
゜	ホ	오
