ID	위치	구분	공유	원문	번역
X-00001	WIZ6@17DC	실행10	4	やりなおし	다시하기
X-00002	WIZ6@17E8	실행8	4	かくれる	숨는다
X-00003	WIZ6@17F4	실행8	2	ブレスト	브레스
X-00004	WIZ6@1800	실행6	10	そうび	장비
X-00005	WIZ6@1808	실행6	4	いどう	이동
X-00006	WIZ6@1810	실행6	4	にげる	도망
X-00007	WIZ6@1818	실행8	15	アイテム	아이템
X-00008	WIZ6@1824	실행8	4	ぼうぎょ	방어
X-00009	WIZ6@1830	실행8	15	じゅもん	주문
X-00010	WIZ6@183C	실행8	6	たたかう	싸운다
X-00011	WIZ6@1848	실행4	2	いる	쏜다
X-00012	WIZ6@1850	실행8	4	とっしん	돌진
X-00013	WIZ6@185C	실행4	4	ける	찬다
X-00014	WIZ6@1864	실행6	4	なぐる	때림
X-00015	WIZ6@186C	실행6	7	なげる	던짐
X-00016	WIZ6@1874	실행8	7	らんとう	난투
X-00017	WIZ6@1880	실행4	7	つく	찌름
X-00018	WIZ6@1888	실행10	7	ふりまわす	휘두른다
X-00019	WIZ6@1894	실행8	4	ブロック	블록
X-00020	WIZ6@18A0	실행10	11	きゅうけい	휴식
X-00021	WIZ6@18AC	실행6	4	ガード	가드
X-00022	WIZ6@18B4	실행6	4	かいひ	회피
X-00023	WIZ6@18BC	실행8	4	ぜんめつ	전멸
X-00024	WIZ6@18C8	실행8	4	せんとう	전투
X-00025	WIZ6@1DCC	실행6	2	休息中	휴식중
X-00026	WIZ6@1F9C	실행16	2	何かに遭遇した！	뭔가와 조우！
X-00027	WIZ6@24E8	실행10	2	ちからわざ	힘쓰기
X-00028	WIZ6@24F4	실행8	2	ゆびわざ	손재주
X-00029	WIZ6@2500	실행6	2	開いた	열림
X-00030	WIZ6@2508	실행8	2	失敗した	실패했다
X-00031	WIZ6@2514	실행14	2	罠をはずした！	함정 해제！
X-00032	WIZ6@2524	실행10	8	失敗した！	실패했다！
X-00033	WIZ6@2530	실행7	2	 開いた	 열렸다
X-00034	WIZ6@2538	실행12	2	鍵を壊した！	자물쇠 파괴
X-00035	WIZ6@4690	실행12	2	こうかなし！	효과 없음！
X-00036	WIZ6@4E0C	실행10	2	全滅した！	전멸했다！
X-00037	WIZ6@8E0C	실행18	2	パーティーのちから	파티의 힘
X-00038	WIZ6@8E20	실행10	2	パーティー	파티
X-00039	WIZ6@8E2C	실행4	2	ドア	문
X-00040	WIZ6@8E34	실행12	5	ゆびさきわざ	손끝 기술
X-00041	WIZ6@8E44	실행4	2	わな	함정
X-00042	WIZ6@8E4C	실행8	2	しらべる	조사
X-00043	WIZ6@BBC8	실행6	5	ブレス	브레스
X-00044	WIZ6@BC18	실행4	5	うつ	쏨
X-00045	WIZ6@BC50	실행6	5	たたく	친다
X-00046	WIZ6@DDD4	실행14	4	は石になった！	는 석화됐다！
X-00047	WIZ6@DFEC	실행18	4	かゆみをおぼえた！	가려움을 느꼈다！
X-00048	WIZ6@E000	실행18	4	気分が悪くなった！	속이 메스꺼워졌다
X-00049	WIZ6@E014	실행10	4	発狂した！	발광했다！
X-00050	WIZ6@E020	실행14	4	病に侵された！	병에 걸렸다！
X-00051	WIZ6@E030	실행14	4	毒に侵された！	독에 당했다！
X-00052	WIZ6@E040	실행20	4	目が見えなくなった！	눈이 멀어 버렸다！
X-00053	WIZ6@E058	실행10	4	麻痺した！	마비됐다！
X-00054	WIZ6@E064	실행8	4	眠った！	잠들었다
X-00055	WIZ6@E070	실행8	4	脅えた！	겁먹었다
X-00056	WIZ6@E07C	실행10	4	沈黙した！	침묵했다！
X-00057	WIZ6@E8E8	실행16	2	にクリティカル！	에 크리티컬！
X-00058	WIZ6@E8FC	실행16	2	息の根をとめた！	숨통을 끊었다！
X-00059	WIZ6@F4EC	실행10	2	不意打ち！	기습！
X-00060	WIZ6@F4F8	실행10	2	背後攻撃！	배후공격！
X-00061	WIZ6@F504	실행18	2	ブラストキャノン！	블래스트캐논！
X-00062	WIZ6@F518	실행18	2	レーザーキャノン！	레이저 캐논！
X-00063	WIZ6@118BC	실행14	2	キス オブ デス	키스 오브 데스
X-00064	WIZ6@118CC	실행18	2	ライフスティーラー	라이프스틸러
X-00065	WIZ6@118E0	실행15	2	アンチ マジック	안티 매직
X-00066	WIZ6@118F0	실행8	2	スタナー	스터너
X-00067	WIZ6@118FC	실행15	2	バシリスク アイ	바실리스크 아이
X-00068	WIZ6@1190C	실행16	5	ファイヤーボール	파이어볼
X-00069	WIZ6@11920	실행17	2	スペクトラル レイ	스펙트럴 레이
X-00070	WIZ6@11934	실행19	2	サイオニック ボルト	사이오닉 볼트
X-00071	WIZ6@11948	실행15	2	トキシック ガス	톡식 가스
X-00072	WIZ6@11958	실행6	5	ダガー	대거
X-00073	WIZ6@11960	실행12	2	ガーディアン	가디언
X-00074	WIZ6@11970	실행8	2	アラーム	알람
X-00075	WIZ6@1197C	실행15	2	ポイズン ダーツ	포이즌 다트
X-00076	WIZ6@1198C	실행19	2	マジック スパークス	매직 스파크스
X-00077	WIZ6@13110	실행6	4	経験値	경험치
X-00078	WIZ6@13118	실행6	4	を獲得	획득
X-00079	WIZ6@13120	실행8	4	ＧＰ獲得	ＧＰ획득
X-00080	WIZ6@14650	실행10	2	つかえない	못 쓴다
X-00081	WIZ6@14818	실행22	2	パーティーのしょじきん	파티의 소지금
X-00082	WIZ6@14B5C	실행14	2	そうびしている	장비하고 있다
X-00083	WIZ6@14B6C	실행12	2	きょうみなし	관심 없음
X-00084	WIZ6@14B7C	실행8	2	ひつよう	필요
X-00085	WIZ6@15074	실행8	2	あたえる	준다
X-00086	WIZ6@15080	실행4	2	うる	판다
X-00087	WIZ6@15088	실행4	2	かう	산다
X-00088	WIZ6@15090	실행8	2	とりひき	거래
X-00089	WIZ6@1509C	실행6	2	はなす	대화
X-00090	WIZ6@150A4	실행10	2	きょうはく	협박
X-00091	WIZ6@150B0	실행6	2	わいろ	뇌물
X-00092	WIZ6@150B8	실행10	2	おくりもの	선물
X-00093	WIZ6@150C4	실행10	2	へいわてき	평화적
X-00094	WIZ6@150DC	실행6	2	ぬすむ	훔침
X-00095	WIZ6@150F0	실행8	2	たちさる	떠난다
X-00096	WIZ6@15108	실행10	2	きゅうせん	휴전
X-00097	WIZ6@15B98	실행18	2	アイテムを盗んだ！	아이템을 훔쳤다！
X-00098	WIZ6@15BAC	실행14	2	お金を盗んだ！	돈을 훔쳤다！
X-00099	WIZ6@15BBC	실행18	2	盗めるものがない！	훔칠 게 없다！
X-00100	WIZ6@15BD0	실행10	4	捕まった！	붙잡혔다
X-00101	WIZ6@16098	실행32	2	ＧＰのわいろを贈った  残り所持金	ＧＰ 뇌물을 줬다  남은 소지금
X-00102	WIZ6@160C4	실행10	2	お金がない	돈이 없다
X-00103	WIZ6@19B34	실행10	2	モリミツコ	모리미츠코
X-00104	WIZ6@19B40	실행6	2	タモリ	타모리
X-00105	WIZ6@19B48	실행14	2	セキグチヒロシ	세키구치히로시
X-00106	WIZ6@19B58	실행12	2	シシドジョウ	시시도조
X-00107	WIZ6@19B68	실행10	2	ミノモンタ	미노몬타
X-00108	WIZ6@19B74	실행14	2	ズババババーン	즈바바바방
X-00109	WIZ6@19B84	실행12	5	ロングソード	롱소드
X-00110	WIZ6@19B94	실행8	2	フレイル	플레일
X-00111	WIZ6@19BA0	실행12	2	トライデント	트라이던트
X-00112	WIZ6@19BB0	실행12	2	バトルアクス	배틀액스
X-00113	WIZ6@19BC0	실행4	2	おの	도끼
X-00114	WIZ6@19BC8	실행14	5	ブロードソード	브로드소드
X-00115	WIZ6@19BD8	실행8	2	射った！	쐈다！
X-00116	WIZ6@19BE4	실행10	2	突進した！	돌진했다
X-00117	WIZ6@19BF0	실행12	2	キックした！	걷어찼다！
X-00118	WIZ6@19C00	실행12	2	パンチした！	주먹질했다
X-00119	WIZ6@19C10	실행8	2	投げた！	던졌다
X-00120	WIZ6@19C1C	실행8	2	暴れた！	날뛰었다
X-00121	WIZ6@19C28	실행8	2	突いた！	찔렀다
X-00122	WIZ6@19C34	실행12	2	振り回した！	휘둘렀다！
X-00123	WIZ6@1A35C	실행14	2	敵は全滅した！	적은 전멸했다
X-00124	WIZ6@1A388	실행22	2	アイテムを手に入れた！	아이템을 손에 넣었다
X-00125	WIZ6@1B56C	실행18	2	ファイヤーブレス！	파이어 브레스！
X-00126	WIZ6@1B580	실행22	2	エレクトリックブレス！	일렉트릭 브레스！
X-00127	WIZ6@1B598	실행16	2	コールドブレス！	콜드 브레스！
X-00128	WIZ6@1B5AC	실행16	2	アシッドブレス！	애시드 브레스！
X-00129	WIZ6@1B5C0	실행20	2	サイオニックブレス！	사이오닉 브레스！
X-00130	WIZ6@1B5D8	실행18	2	パラライズブレス！	패럴라이즈 브레스
X-00131	WIZ6@1B5EC	실행12	2	エアブレス！	에어브레스！
X-00132	WIZ6@1B5FC	실행16	2	ポイズンブレス！	포이즌 브레스！
X-00133	WIZ6@1B610	실행14	2	アースブレス！	어스 브레스！
X-00134	WIZ6@1B620	실행16	2	白い粉をまいた！	흰 가루를 뿌렸다
X-00135	WIZ6@1B634	실행22	2	ライフフォースブレス！	라이프포스 브레스！
X-00136	WIZ6@1BA7C	실행4	2	尻尾	꼬리
X-00137	WIZ6@1BA98	실행6	2	の攻撃	의공격
X-00138	WIZ6@1BAA0	실행18	2	の息の根をとめた！	의 숨통을 끊었다！
X-00139	WIZ6@1BAB4	실행8	2	に命中！	에 명중
X-00140	WIZ6@1BAC4	실행10	2	ダメージを	대미지를
X-00141	WIZ6@1BAD0	실행20	2	あたえられなかった！	주지 못했다！
X-00142	WIZ6@1BAE8	실행12	4	のダメージ！	의 대미지！
X-00143	WIZ6@1BAF8	실행10	4	を倒した！	격파했다！
X-00144	WIZ6@1BB08	실행12	2	沈黙している	침묵 상태
X-00145	WIZ6@1BB18	실행10	2	を唱えた！	를 외웠다
X-00146	WIZ6@1BB24	실행16	2	は休憩している！	는 휴식하고 있다
X-00147	WIZ6@1BB38	실행20	2	はブロックしている！	는 블록하고 있다！
X-00148	WIZ6@1BB50	실행16	2	は回避している！	는 회피하고 있다
X-00149	WIZ6@1BB64	실행18	2	はガードしている！	는 가드하고 있다！
X-00150	WIZ6@1BB78	실행12	2	は装備した！	는 장비했다
X-00151	WIZ6@1BB88	실행10	2	を使った！	를 썼다！
X-00152	WIZ6@1BB94	실행12	2	は移動した！	는 이동했다
X-00153	WIZ6@1BBA4	실행16	2	は隠れようとした	는 숨으려 했다
X-00154	WIZ6@1BBB8	실행10	2	成功した！	성공했다
X-00155	WIZ6@1BBD0	실행14	2	は逃げ出した！	는 도망쳤다！
X-00156	WIZ6@1BBE0	실행14	2	すきをついた！	틈을 찔렀다！
X-00157	WIZ6@1C378	실행12	2	は死亡した！	는 사망했다
X-00158	WIZ6@1C388	실행16	2	霧の中へきえた！	안개로 사라짐！
X-00159	WIZ6@25610	실행14	3	セーブデータ４	세이브데이터４
X-00160	WIZ6@25620	실행14	3	セーブデータ３	세이브데이터３
X-00161	WIZ6@25630	실행14	3	セーブデータ２	세이브데이터２
X-00162	WIZ6@25640	실행14	3	セーブデータ１	세이브데이터１
X-00163	WIZ6@25650	실행18	3	カートリッジＲＡＭ	카트리지 ＲＡＭ
X-00164	WIZ6@25664	실행14	3	ほんたいＲＡＭ	본체 ＲＡＭ
X-00165	WIZ6@25674	실행26	3	コンプリートデータのセーブ	컴플리트 데이터 세이브
X-00166	WIZ6@25690	실행8	6	てんそう	전송
X-00167	WIZ6@2569C	실행6	9	ロード	로드
X-00168	WIZ6@256A4	실행6	3	セーブ	세이브
X-00169	WIZ6@27158	실행28	3	のデータをてんそうしますか？	의 데이터를 전송합니까？
X-00170	WIZ6@27178	실행18	3	をロードしますか？	를 로드합니까？
X-00171	WIZ6@2718C	실행18	3	にセーブしますか？	에 세이브합니까？
X-00172	WIZ6@271C0	실행4	12	はい	예
X-00173	WIZ6@271C8	실행6	12	いいえ	아니오
X-00174	WIZ6@27508	실행26	3	てんそうにしっぱいしました	전송에 실패했습니다
X-00175	WIZ6@27524	실행24	3	ロードにしっぱいしました	로드에 실패했습니다
X-00176	WIZ6@27540	실행24	3	セーブにしっぱいしました	세이브에 실패했습니다
X-00177	WIZ6@2755C	실행18	3	セーブデータ４　の	세이브데이터４　의
X-00178	WIZ6@27570	실행18	3	セーブデータ３　の	세이브데이터３　의
X-00179	WIZ6@27584	실행18	3	セーブデータ２　の	세이브데이터２　의
X-00180	WIZ6@27598	실행18	3	セーブデータ１　の	세이브데이터１　의
X-00181	WIZ6@27804	실행10	6	オプション	옵션
X-00182	WIZ6@279C8	실행16	3	セーブしますか？	세이브합니까？
X-00183	WIZ6@279DC	실행20	3	コンプリートデータを	컴플리트 데이터를
X-00184	WIZ6@2AA44	실행6	3	ムーク	무크
X-00185	WIZ6@2AA4C	실행8	3	ラウルフ	라울프
X-00186	WIZ6@2AA58	실행12	3	フェルプール	펠풀
X-00187	WIZ6@2AA68	실행8	3	ドラコン	드라콘
X-00188	WIZ6@2AA74	실행12	3	リザードマン	리저드맨
X-00189	WIZ6@2AA84	실행10	4	フェアリー	페어리
X-00190	WIZ6@2AA90	실행8	3	ホビット	호빗
X-00191	WIZ6@2AA9C	실행6	3	ノーム	노움
X-00192	WIZ6@2AAA4	실행8	4	ドワーフ	드워프
X-00193	WIZ6@2AAB0	실행6	3	エルフ	엘프
X-00194	WIZ6@2AAB8	실행8	3	ニンゲン	인간
X-00195	WIZ6@2AAD8	실행8	3	にんじゃ	닌자
X-00196	WIZ6@2AAE4	실행6	3	モンク	몽크
X-00197	WIZ6@2AAEC	실행8	3	さむらい	사무라이
X-00198	WIZ6@2AB00	실행10	3	ビショップ	비숍
X-00199	WIZ6@2AB0C	실행12	4	ヴァルキリー	발키리
X-00200	WIZ6@2AB1C	실행12	3	サイオニック	사이오닉
X-00201	WIZ6@2AB2C	실행6	3	バード	바드
X-00202	WIZ6@2AB34	실행12	3	アルケミスト	알케미스트
X-00203	WIZ6@2AB44	실행10	3	レンジャー	레인저
X-00204	WIZ6@2AB50	실행6	3	シーフ	시프
X-00205	WIZ6@2AB58	실행10	3	プリースト	프리스트
X-00206	WIZ6@2AB64	실행6	3	メイジ	메이지
X-00207	WIZ6@2AB6C	실행10	3	ファイター	파이터
X-00208	WIZ6@2AB8C	실행6	3	おんな	여자
X-00209	WIZ6@2AB94	실행6	3	おとこ	남자
X-00210	WIZ6@2ABB0	실행6	4	カルマ	카르마
X-00211	WIZ6@2ABB8	실행8	3	みりょく	매력
X-00212	WIZ6@2ABC4	실행6	3	はやさ	속도
X-00213	WIZ6@2ABCC	실행8	3	きようさ	손재주
X-00214	WIZ6@2ABD8	실행10	3	たいりょく	체력
X-00215	WIZ6@2ABE4	실행8	3	しんこう	신앙
X-00216	WIZ6@2ABF0	실행4	3	ちえ	지혜
X-00217	WIZ6@2ABF8	실행6	3	ちから	힘
X-00218	WIZ6@2AC14	실행10	3	がくじゅつ	학술
X-00219	WIZ6@2AC20	실행10	3	パーソナル	퍼스널
X-00220	WIZ6@2AC2C	실행8	3	うんどう	운동
X-00221	WIZ6@2AC38	실행4	3	ぶき	무기
X-00222	WIZ6@2AC54	실행10	3	きりじゅつ	베기술
X-00223	WIZ6@2AC60	실행8	3	まじゅつ	마술
X-00224	WIZ6@2AC6C	실행12	3	せいしんがく	정신학
X-00225	WIZ6@2AC7C	실행8	3	しんがく	신학
X-00226	WIZ6@2AC88	실행14	3	れんきんじゅつ	연금술
X-00227	WIZ6@2AC98	실행14	3	がいこうじゅつ	외교술
X-00228	WIZ6@2ACA8	실행10	3	しょじゅつ	서술
X-00229	WIZ6@2ACB4	실행10	3	マッピング	매핑
X-00230	WIZ6@2ACC0	실행10	3	しんわがく	신화학
X-00231	WIZ6@2ACD8	실행20	3	マインドコントロール	마인드 컨트롤
X-00232	WIZ6@2ACF0	실행16	3	パワーストライク	파워 스트라이크
X-00233	WIZ6@2AD04	실행12	3	イーグルアイ	이글 아이
X-00234	WIZ6@2AD14	실행16	3	スネークスピード	스네이크 스피드
X-00235	WIZ6@2AD28	실행14	3	リフレクション	리플렉션
X-00236	WIZ6@2AD38	실행18	3	ファイヤーアームズ	파이어 암즈
X-00237	WIZ6@2AD4C	실행10	3	にんじゅつ	인술
X-00238	WIZ6@2AD68	실행8	3	はやわざ	속임수
X-00239	WIZ6@2AD74	실행14	3	はっせいじゅつ	발성술
X-00240	WIZ6@2AD84	실행8	3	えんそう	연주
X-00241	WIZ6@2AD90	실행8	3	スカウト	스카우트
X-00242	WIZ6@2AD9C	실행10	3	よじのぼり	등반
X-00243	WIZ6@2ADA8	실행8	3	すいえい	수영
X-00244	WIZ6@2ADB4	실행14	3	パンチ　キック	펀치　킥
X-00245	WIZ6@2ADC4	실행4	3	たて	방패
X-00246	WIZ6@2ADCC	실행4	3	ゆみ	활
X-00247	WIZ6@2ADD4	실행8	6	スリング	슬링
X-00248	WIZ6@2ADE8	실행16	3	ポール　スタッフ	폴　스태프
X-00249	WIZ6@2ADFC	실행16	3	メイス　フレイル	메이스　플레일
X-00250	WIZ6@2AE10	실행8	3	アックス	액스
X-00251	WIZ6@2AE1C	실행6	3	ソード	소드
X-00252	WIZ6@2AE24	실행14	3	ワンド　ダガー	원드　대거
X-00253	WIZ6@2AE48	실행18	3	グランドファーザー	그랜드파더
X-00254	WIZ6@2AE5C	실행10	3	ジョウニン	조닌
X-00255	WIZ6@2AE68	실행10	4	チュウニン	추닌
X-00256	WIZ6@2AE74	실행8	3	アサシン	어새신
X-00257	WIZ6@2AE80	실행20	3	エクスキューショナー	익스큐셔너
X-00258	WIZ6@2AE98	실행6	3	ゲニン	게닌
X-00259	WIZ6@2AEA0	실행16	3	グランドマスター	그랜드마스터
X-00260	WIZ6@2AEB4	실행14	3	イマキュリット	이매큘릿
X-00261	WIZ6@2AEC4	실행8	3	マスター	마스터
X-00262	WIZ6@2AED0	실행8	3	アポスル	어파슬
X-00263	WIZ6@2AEDC	실행12	3	ディサイプル	디사이플
X-00264	WIZ6@2AEEC	실행8	3	ブラザー	브라더
X-00265	WIZ6@2AEF8	실행12	3	イニシエイト	이니시에이트
X-00266	WIZ6@2AF08	실행10	3	ショウグン	쇼군
X-00267	WIZ6@2AF14	실행10	3	ダイミョウ	다이묘
X-00268	WIZ6@2AF20	실행18	3	ダイショウマスター	다이쇼 마스터
X-00269	WIZ6@2AF34	실행8	3	ハタモト	하타모토
X-00270	WIZ6@2AF40	실행12	3	シュゲンジャ	슈겐자
X-00271	WIZ6@2AF50	실행12	3	ブレーズマン	블레이즈맨
X-00272	WIZ6@2AF60	실행8	3	モナーク	모나크
X-00273	WIZ6@2AF6C	실행12	3	クルセーダー	크루세이더
X-00274	WIZ6@2AF7C	실행10	3	パラディン	팔라딘
X-00275	WIZ6@2AF88	실행12	3	シャバリアー	슈발리에
X-00276	WIZ6@2AF98	실행6	4	ナイト	나이트
X-00277	WIZ6@2AFA0	실행8	3	ガレント	갈란트
X-00278	WIZ6@2AFAC	실행10	3	スクワイア	스콰이어
X-00279	WIZ6@2AFB8	실행10	3	ポンティフ	폰티프
X-00280	WIZ6@2AFC4	실행12	3	カーディナル	카디널
X-00281	WIZ6@2AFD4	실행12	3	ダイアシサン	다이어시선
X-00282	WIZ6@2AFE4	실행14	3	マジストレイト	머지스트레이트
X-00283	WIZ6@2AFF4	실행6	3	カナン	캐넌
X-00284	WIZ6@2AFFC	실행6	3	ビカー	비카
X-00285	WIZ6@2B004	실행8	3	フライア	프라이어
X-00286	WIZ6@2B010	실행12	3	オリンピアン	올림피언
X-00287	WIZ6@2B020	실행8	3	ヒロイン	히로인
X-00288	WIZ6@2B02C	실행12	3	チャンピオン	챔피언
X-00289	WIZ6@2B03C	실행12	3	シェバリアー	셰벌리어
X-00290	WIZ6@2B04C	실행12	3	キャバリアー	캐벌리어
X-00291	WIZ6@2B05C	실행8	3	ランサー	랜서
X-00292	WIZ6@2B068	실행12	3	プロフィット	프로펫
X-00293	WIZ6@2B078	실행8	3	オラクル	오라클
X-00294	WIZ6@2B084	실행12	3	ミスティック	미스틱
X-00295	WIZ6@2B094	실행18	3	イリュージョニスト	일루저니스트
X-00296	WIZ6@2B0A8	실행12	3	ビジョニスト	비저니스트
X-00297	WIZ6@2B0B8	실행14	3	スースセイアー	수스세이어
X-00298	WIZ6@2B0C8	실행10	3	サイキック	사이킥
X-00299	WIZ6@2B0D4	실행8	3	ミューズ	뮤즈
X-00300	WIZ6@2B0E0	실행16	3	マスターリューツ	마스터 류트
X-00301	WIZ6@2B0F4	실행8	3	ポエット	포엣
X-00302	WIZ6@2B100	실행12	3	トルバドール	트루바두르
X-00303	WIZ6@2B110	실행10	3	ソニティア	소네티어
X-00304	WIZ6@2B11C	실행8	3	カンター	칸토르
X-00305	WIZ6@2B128	실행12	3	ミンストラル	민스트럴
X-00306	WIZ6@2B138	실행14	3	エンチャンター	인챈터
X-00307	WIZ6@2B148	실행18	3	マスターイリクサー	마스터 엘릭서
X-00308	WIZ6@2B15C	실행12	3	イヴォーカー	이보커
X-00309	WIZ6@2B16C	실행10	3	シャーマン	샤먼
X-00310	WIZ6@2B178	실행8	3	アデプト	어뎁트
X-00311	WIZ6@2B184	실행12	3	フィジシャン	피지션
X-00312	WIZ6@2B194	실행12	3	ハーバリスト	허벌리스트
X-00313	WIZ6@2B1A4	실행16	3	レンジャーロード	레인저 로드
X-00314	WIZ6@2B1B8	실행14	3	アウトライダー	아웃라이더
X-00315	WIZ6@2B1C8	실행10	3	ウェポニア	웨포니어
X-00316	WIZ6@2B1D4	실행16	3	パスファインダー	패스파인더
X-00317	WIZ6@2B1E8	실행10	4	アーチャー	아처
X-00318	WIZ6@2B1F4	실행10	3	ウッズマン	우즈맨
X-00319	WIZ6@2B200	실행14	3	ギルドマスター	길드마스터
X-00320	WIZ6@2B210	실행18	3	マスターシャドウズ	마스터 섀도즈
X-00321	WIZ6@2B224	실행10	4	パイレーツ	파이러츠
X-00322	WIZ6@2B230	실행16	4	ブッシュワッカー	부시워커
X-00323	WIZ6@2B244	실행14	3	ハイウェイマン	하이웨이맨
X-00324	WIZ6@2B254	실행14	4	トリックスター	트릭스터
X-00325	WIZ6@2B264	실행6	4	ローグ	로그
X-00326	WIZ6@2B26C	실행8	3	セイント	세인트
X-00327	WIZ6@2B278	실행14	3	ペイトリアーク	페이트리아크
X-00328	WIZ6@2B288	실행14	3	ハイプリースト	하이프리스트
X-00329	WIZ6@2B298	실행8	3	ドルイド	드루이드
X-00330	WIZ6@2B2A4	실행8	3	キュリト	큐리트
X-00331	WIZ6@2B2B0	실행8	3	ヒーラー	힐러
X-00332	WIZ6@2B2BC	실행10	3	アカライト	애콜라이트
X-00333	WIZ6@2B2C8	실행8	3	メイガス	메이거스
X-00334	WIZ6@2B2D4	실행10	3	ウィザード	위저드
X-00335	WIZ6@2B2E0	실행14	3	ネクロマンサー	네크로맨서
X-00336	WIZ6@2B2F0	실행10	3	ソーサラー	소서러
X-00337	WIZ6@2B2FC	실행12	3	ウォーロック	워록
X-00338	WIZ6@2B30C	실행12	3	カンジャラー	컨저러
X-00339	WIZ6@2B31C	실행10	3	マジシャン	매지션
X-00340	WIZ6@2B328	실행12	3	コンクエラー	컨커러
X-00341	WIZ6@2B338	실행12	3	ウォーロード	워로드
X-00342	WIZ6@2B348	실행10	3	ソードマン	소드맨
X-00343	WIZ6@2B354	실행16	3	グラディエーター	글래디에이터
X-00344	WIZ6@2B368	실행10	3	マローダー	머로더
X-00345	WIZ6@2B374	실행12	3	ウォーリアー	워리어
X-00346	WIZ6@2B384	실행14	3	ジャーニーマン	저니맨
X-00347	WIZ6@2B394	실행4	3	ナシ	없음
X-00348	WIZ6@2B3BC	실행8	3	モノラル	모노
X-00349	WIZ6@2B3C8	실행8	3	ステレオ	스테레오
X-00350	WIZ6@2B3D4	실행10	3	むずかしい	어려움
X-00351	WIZ6@2B3E0	실행8	3	やさしい	쉬움
X-00352	WIZ6@2B3EC	실행6	3	はやい	빠름
X-00353	WIZ6@2B3F4	실행6	3	おそい	느림
X-00354	WIZ6@2B3FC	실행6	3	ふつう	보통
X-00355	WIZ6@2B404	실행4	3	オフ	오프
X-00356	WIZ6@2B40C	실행4	3	オン	온
X-00357	WIZ6@2B42C	실행6	3	ふくろ	자루
X-00358	WIZ6@2B454	실행10	3	スクロール	스크롤
X-00359	WIZ6@2B460	실행8	3	シールド	실드
X-00360	WIZ6@2B46C	실행6	3	ブーツ	부츠
X-00361	WIZ6@2B474	실행8	3	グローブ	글러브
X-00362	WIZ6@2B480	실행6	3	ズボン	바지
X-00363	WIZ6@2B488	실행6	3	よろい	갑옷
X-00364	WIZ6@2B490	실행10	3	ヘルメット	헬멧
X-00365	WIZ6@2B49C	실행10	3	スペシャル	스페셜
X-00366	WIZ6@2B4A8	실행10	3	ぶき（Ｌ）	무기（Ｌ）
X-00367	WIZ6@2B4B4	실행10	3	ぶき（Ｔ）	무기（Ｔ）
X-00368	WIZ6@2B4C0	실행10	3	ぶき（Ｅ）	무기（Ｅ）
X-00369	WIZ6@2B4CC	실행10	3	ぶき（Ｓ）	무기（Ｓ）
X-00370	WIZ6@2B4F0	실행6	3	かたて	한손
X-00371	WIZ6@2B4F8	실행8	3	りょうて	양손
X-00372	WIZ6@2B528	실행8	7	さいしょ	처음
X-00373	WIZ6@2B534	실행6	7	きおく	기억
X-00374	WIZ6@2B53C	실행6	7	マップ	지도
X-00375	WIZ6@2B544	실행6	7	さわる	만짐
X-00376	WIZ6@2B54C	실행8	7	システム	시스템
X-00377	WIZ6@2B558	실행8	10	メンバー	멤버
X-00378	WIZ6@2B564	실행6	7	さがす	찾기
X-00379	WIZ6@2B598	실행8	3	むちうつ	채찍질
X-00380	WIZ6@2B5A4	실행6	3	キック	킥
X-00381	WIZ6@2B5AC	실행6	3	パンチ	펀치
X-00382	WIZ6@2B60C	실행14	3	？オブジェクト	？오브젝트
X-00383	WIZ6@2B61C	실행8	3	？ワンド	？원드
X-00384	WIZ6@2B628	실행14	3	？ローブ（Ｕ）	？로브（Ｕ）
X-00385	WIZ6@2B638	실행14	3	？ローブ（Ｌ）	？로브（Ｌ）
X-00386	WIZ6@2B648	실행8	3	？リング	？반지
X-00387	WIZ6@2B654	실행6	3	？リラ	？리라
X-00388	WIZ6@2B65C	실행10	3	？リュート	？류트
X-00389	WIZ6@2B668	실행14	3	？リージェント	？리전트
X-00390	WIZ6@2B678	실행8	3	？ランス	？랜스
X-00391	WIZ6@2B684	실행6	3	？ユミ	？활
X-00392	WIZ6@2B68C	실행8	3	？メイス	？메이스
X-00393	WIZ6@2B698	실행16	3	？ポールアックス	？폴액스
X-00394	WIZ6@2B6AC	실행14	3	？ポールアーム	？폴암
X-00395	WIZ6@2B6BC	실행12	3	？ポーション	？포션
X-00396	WIZ6@2B6CC	실행8	3	？ボウシ	？모자
X-00397	WIZ6@2B6D8	실행6	3	？ボウ	？보우
X-00398	WIZ6@2B6E0	실행8	3	？ホルン	？호른
X-00399	WIZ6@2B6EC	실행16	3	？ホーン＆ボール	？혼＆볼
X-00400	WIZ6@2B700	실행12	3	？ヘルメット	？헬멧
X-00401	WIZ6@2B710	실행10	3	？ブンショ	？문서
X-00402	WIZ6@2B71C	실행8	3	？ブック	？책
X-00403	WIZ6@2B728	실행8	3	？ブーツ	？부츠
X-00404	WIZ6@2B734	실행10	3	？フレイル	？플레일
X-00405	WIZ6@2B740	실행12	3	？フィギュア	？피규어
X-00406	WIZ6@2B750	실행8	3	？フード	？후드
X-00407	WIZ6@2B75C	실행12	3	？ピラミッド	？피라미드
X-00408	WIZ6@2B76C	실행10	3	？パウダー	？가루
X-00409	WIZ6@2B778	실행8	3	？パイプ	？파이프
X-00410	WIZ6@2B784	실행10	3	？バレット	？탄환
X-00411	WIZ6@2B790	실행8	3	？バッグ	？가방
X-00412	WIZ6@2B79C	실행10	3	？ハンマー	？해머
X-00413	WIZ6@2B7A8	실행10	3	？デバイス	？장치
X-00414	WIZ6@2B7B4	실행8	3	？ダガー	？대거
X-00415	WIZ6@2B7C0	실행8	3	？ダーツ	？다트
X-00416	WIZ6@2B7CC	실행8	3	？ソード	？소드
X-00417	WIZ6@2B7D8	실행10	3	？スリング	？슬링
X-00418	WIZ6@2B7E4	실행8	3	？スピア	？스피어
X-00419	WIZ6@2B7F0	실행10	3	？ストーン	？돌
X-00420	WIZ6@2B7FC	실행12	3	？スティック	？스틱
X-00421	WIZ6@2B80C	실행10	3	？スタッフ	？스태프
X-00422	WIZ6@2B818	실행8	3	？スター	？별
X-00423	WIZ6@2B824	실행12	3	？スクロール	？스크롤
X-00424	WIZ6@2B834	실행12	3	？ジュエリー	？보석
X-00425	WIZ6@2B844	실행10	3	？シューズ	？신발
X-00426	WIZ6@2B850	실행10	3	？シールド	？실드
X-00427	WIZ6@2B85C	실행10	3	？サンダル	？샌들
X-00428	WIZ6@2B868	실행8	3	？コイン	？코인
X-00429	WIZ6@2B874	실행10	3	？グローブ	？글러브
X-00430	WIZ6@2B880	실행8	3	？グラブ	？장갑
X-00431	WIZ6@2B88C	실행8	3	？クロス	？천
X-00432	WIZ6@2B898	실행10	3	？クローク	？망토
X-00433	WIZ6@2B8A4	실행12	3	？クオーレル	？쿼렐
X-00434	WIZ6@2B8B4	실행6	3	？キー	？열쇠
X-00435	WIZ6@2B8BC	실행14	3	？ガントレット	？건틀릿
X-00436	WIZ6@2B8CC	실행8	3	？カード	？카드
X-00437	WIZ6@2B8D8	실행10	3	？ウエポン	？무기
X-00438	WIZ6@2B8E4	실행10	3	？ウイップ	？채찍
X-00439	WIZ6@2B8F0	실행10	3	？イシユミ	？석궁
X-00440	WIZ6@2B8FC	실행8	3	？アンク	？앙크
X-00441	WIZ6@2B908	실행8	3	？アロー	？화살
X-00442	WIZ6@2B914	실행14	3	？アミュレット	？아뮬렛
X-00443	WIZ6@2B924	실행10	3	？アックス	？도끼
X-00444	WIZ6@2B930	실행16	3	？アーマー（Ｕ）	？아머（Ｕ）
X-00445	WIZ6@2B944	실행16	3	？アーマー（Ｌ）	？아머（Ｌ）
X-00446	WIZ6@2B978	실행12	3	ノックアウト	녹아웃
X-00447	WIZ6@2B988	실행12	3	クリティカル	크리티컬
X-00448	WIZ6@2B998	실행8	3	ドレイン	드레인
X-00449	WIZ6@2B9A4	실행8	3	びょうき	질병
X-00450	WIZ6@2B9B0	실행6	3	せきか	석화
X-00451	WIZ6@2B9B8	실행4	3	どく	독
X-00452	WIZ6@2B9C0	실행4	3	まひ	마비
X-00453	WIZ6@2B9C8	실행8	3	すいみん	수면
X-00454	WIZ6@2B9E8	실행4	6	デス	데스
X-00455	WIZ6@2B9F0	실행6	3	まほう	마법
X-00456	WIZ6@2B9F8	실행14	3	せいめいりょく	생명력
X-00457	WIZ6@2BA08	실행8	3	さいみん	최면
X-00458	WIZ6@2BA14	실행4	3	さん	산
X-00459	WIZ6@2BA1C	실행8	3	ミサイル	미사일
X-00460	WIZ6@2BA28	실행6	3	エアー	에어
X-00461	WIZ6@2BA30	실행8	3	コールド	콜드
X-00462	WIZ6@2BA3C	실행6	3	ひかり	빛
X-00463	WIZ6@2BA44	실행8	3	ファイア	파이어
X-00464	WIZ6@2BC24	실행10	6	あがった！	올랐다！
X-00465	WIZ6@2BC30	실행4	3	　が	　이
X-00466	WIZ6@2BDC8	실행12	3	スタミナ　が	스태미나　가
X-00467	WIZ6@2BDD8	실행18	3	ヒットポイント　が	히트포인트　가
X-00468	WIZ6@2C7E8	실행18	3	レベルアップした！	레벨 업 했다！
X-00469	WIZ6@2C7FC	실행4	3	　は	　는
X-00470	WIZ6@2D474	실행6	3	すてる	버린다
X-00471	WIZ6@2D47C	실행8	3	こうかん	교환
X-00472	WIZ6@2D488	실행6	3	わたす	건넨다
X-00473	WIZ6@2D490	실행10	3	くみあわせ	조합
X-00474	WIZ6@2D49C	실행8	3	おぼえる	배운다
X-00475	WIZ6@2D4A8	실행6	3	つかう	사용
X-00476	WIZ6@2D4B8	실행8	3	ぶんせき	분석
X-00477	WIZ6@2E14C	실행8	3	ダメージ	대미지
X-00478	WIZ6@2E158	실행8	3	かいふく	회복
X-00479	WIZ6@2E164	실행19	3	のろい　       あり	저주　       있음
X-00480	WIZ6@2E178	실행22	3	スペシャルパワー  あり	스페셜파워  있음
X-00481	WIZ6@2E190	실행8	3	かいすう	횟수
X-00482	WIZ6@2E1A4	실행12	3	パワーレベル	파워 레벨
X-00483	WIZ6@2E1C0	실행4	3	なし	없음
X-00484	WIZ6@2E1C8	실행10	3	わからない	모르겠다
X-00485	WIZ6@2E1D4	실행18	3	スペシャルアタック	스페셜 어택
X-00486	WIZ6@2E1E8	실행22	3	スペシャルレジスタンス	스페셜 레지스턴스
X-00487	WIZ6@2F8C0	실행22	3	ぶんせきできなかった！	분석할 수 없었다！
X-00488	WIZ6@2FB9C	실행24	3	ききてにそうびしますか？	주로 쓰는 손에 장비？
X-00489	WIZ6@301D0	실행16	3	ひきだしますか？	끌어냅니까？
X-00490	WIZ6@301E4	실행18	3	スペシャルパワーを	스페셜 파워를
X-00491	WIZ6@305EC	실행12	3	のろわれた！	저주받았다
X-00492	WIZ6@305FC	실행16	3	のろわれている！	저주받아 있다！
X-00493	WIZ6@30FE0	실행22	3	しょくぎょうがちがう！	직업이 맞지 않는다
X-00494	WIZ6@30FF8	실행26	3	じゅもんをしゅうとくした！	주문을 습득했다！
X-00495	WIZ6@31014	실행18	3	レベルがたりない！	레벨이 부족하다！
X-00496	WIZ6@32FA4	실행18	6	これでいいですか？	이걸로 됩니까？
X-00497	WIZ6@330A8	실행6	6	スキル	스킬
X-00498	WIZ6@330B0	실행34	3	スキルボーナスをふりわけてください	스킬 보너스를 배분해 주세요
X-00499	WIZ6@3347C	실행10	3	スキル　が	스킬　이
X-00500	WIZ6@33E44	실행24	3	じゅもんをきめてください	주문을 정해 주세요
X-00501	WIZ6@33E60	실행6	3	のこり	남음
X-00502	WIZ6@34324	실행20	3	じゅもんをおぼえた！	주문을 배웠다！
X-00503	WIZ6@34804	실행10	3	のうりょく	능력
X-00504	WIZ6@35A00	실행24	3	じゅもんにしっぱいした！	주문에 실패했다！
X-00505	WIZ6@35CF0	실행12	6	しょくぎょう	직업
X-00506	WIZ6@35D00	실행28	6	しょくぎょうをきめてください	직업을 정해 주세요
X-00507	WIZ6@3604C	실행4	7	かお	얼굴
X-00508	WIZ6@36054	실행6	7	なまえ	이름
X-00509	WIZ6@3605C	실행10	3	てんしょく	전직
X-00510	WIZ6@37C34	실행8	4	しょきか	초기화
X-00511	WIZ6@37C58	실행16	4	へんこうないよう	변경 내용
X-00512	WIZ6@37F4C	실행16	4	の「マップ」アイ	의 「지도」 아이
X-00513	WIZ6@37F60	실행16	4	の「さわる」アイ	의 「만짐」 아이
X-00514	WIZ6@37F74	실행14	4	の「システム」	의 「시스템」
X-00515	WIZ6@37F84	실행14	4	の「メンバー」	의 「멤버」
X-00516	WIZ6@37F94	실행12	4	コンとおなじ	콘과 같음
X-00517	WIZ6@37FA4	실행16	4	の「さがす」アイ	의 「찾기」 아이
X-00518	WIZ6@37FB8	실행16	4	アイコンとおなじ	아이콘과 같음
X-00519	WIZ6@37FCC	실행16	4	の「きゅうけい」	의 「휴식」
X-00520	WIZ6@37FE0	실행16	4	アイコンメニュー	아이콘 메뉴
X-00521	WIZ6@383C7	실행23	3	*パッドボタンのせってい	*패드 버튼 설정
X-00522	WIZ6@383E0	실행10	3	こうかおん	효과음
X-00523	WIZ6@383EC	실행8	3	サウンド	사운드
X-00524	WIZ6@383F8	실행12	3	ゲームレベル	게임 레벨
X-00525	WIZ6@39BC8	실행18	3	パーティーをつくる	파티를 만든다
X-00526	WIZ6@39BDC	실행20	3	キャラクターをつくる	캐릭터를 만든다
X-00527	WIZ6@39BF4	실행16	3	パーティーをみる	파티를 본다
X-00528	WIZ6@39C08	실행20	3	キャラクターをはずす	캐릭터를 뺀다
X-00529	WIZ6@39C20	실행16	3	ゲームをはじめる	게임을 시작한다
X-00530	WIZ6@39C54	실행14	3	ゲームをやめる	게임을 끝낸다
X-00531	WIZ6@3A4C4	실행22	3	なまえをきめてください	이름을 정해 주세요
X-00532	WIZ6@3B198	실행8	3	しゅぞく	종족
X-00533	WIZ6@3B1A4	실행24	3	しゅぞくをきめてください	종족을 정해 주세요
X-00534	WIZ6@3B9B4	실행8	3	ボーナス	보너스
X-00535	WIZ6@3BC08	실행20	3	のうりょくちボーナス	능력치 보너스
X-00536	WIZ6@3BC20	실행40	3	のうりょくちボーナスをふりわけてください	능력치 보너스를 배분해 주세요
X-00537	WIZ6@3C0F0	실행6	3	ページ	페이지
X-00538	WIZ6@3C208	실행20	3	かおをきめてください	얼굴을 정해 주세요
X-00539	WIZ6@3D7C8	실행14	2	ポイント回復！	포인트 회복！
X-00540	WIZ6@3DBB4	실행18	2	に効果がなかった！	에 효과가 없었다！
X-00541	WIZ6@3E078	실행16	2	効果がなかった！	효과가 없었다！
X-00542	WIZ6@3ECD0	실행12	2	を召喚した！	를 소환했다
X-00543	WIZ6@3EFEC	실행14	2	は祝福された！	는 축복받았다
X-00544	WIZ6@40C58	실행10	2	逆流した！	역류했다！
X-00545	WIZ6@4243C	실행18	2	インビジビリティー	인비저빌리티
X-00546	WIZ6@42450	실행16	3	レストア・ライフ	리스토어 라이프
X-00547	WIZ6@42464	실행12	3	オートマップ	오토맵
X-00548	WIZ6@42474	실행14	3	マジックフード	매직 푸드
X-00549	WIZ6@42484	실행12	3	ヘルプフード	헬프 푸드
X-00550	WIZ6@42494	실행20	3	ホーリー・ウォーター	홀리 워터
X-00551	WIZ6@424AC	실행16	3	デス・ウィッシュ	데스 위시
X-00552	WIZ6@424C0	실행14	3	レザレクション	레저렉션
X-00553	WIZ6@424D0	실행18	3	ワード・オブ・デス	워드 오브 데스
X-00554	WIZ6@424E4	실행10	3	リチャージ	리차지
X-00555	WIZ6@424F0	실행18	3	ＺＡＰ．アンデッド	ＺＡＰ．언데드
X-00556	WIZ6@42504	실행18	3	アストラル・ゲート	아스트랄 게이트
X-00557	WIZ6@42518	실행16	3	ライフスティール	라이프스틸
X-00558	WIZ6@4252C	실행10	3	ヒールフル	힐 풀
X-00559	WIZ6@42538	실행16	3	リムーブ・カース	리무브 커스
X-00560	WIZ6@4254C	실행16	3	アンチ・マジック	안티 매직
X-00561	WIZ6@42560	실행18	3	コンジュレーション	컨주레이션
X-00562	WIZ6@42574	실행20	3	マジック・スクリーン	매직 스크린
X-00563	WIZ6@4258C	실행8	3	ブリンク	블링크
X-00564	WIZ6@42598	실행26	3	エンチャンテッド・ブレード	인챈티드 블레이드
X-00565	WIZ6@425B4	실행22	3	ディスペル・アンデッド	디스펠 언데드
X-00566	WIZ6@425CC	실행18	3	マジック・ミサイル	매직 미사일
X-00567	WIZ6@425E0	실행16	3	メイク・ウーンズ	메이크 운즈
X-00568	WIZ6@425F4	실행16	3	ヒール・ウーンズ	힐 운즈
X-00569	WIZ6@42608	실행16	3	ロケートパーソン	로케이트 퍼슨
X-00570	WIZ6@4261C	실행14	3	マインドフレイ	마인드 플레이
X-00571	WIZ6@4262C	실행20	3	ロケートオブジェクト	로케이트 오브젝트
X-00572	WIZ6@4264C	실행8	3	スプーク	스푸크
X-00573	WIZ6@42658	실행16	3	ウィザーズ・アイ	위저즈 아이
X-00574	WIZ6@4266C	실행14	3	イリュージョン	일루전
X-00575	WIZ6@4267C	실행22	3	サイオニック・ブラスト	사이오닉 블래스트
X-00576	WIZ6@42694	실행16	3	セイン・マインド	세인 마인드
X-00577	WIZ6@426A8	실행14	3	マインドリード	마인드 리드
X-00578	WIZ6@426B8	실행20	3	ホールド・モンスター	홀드 몬스터
X-00579	WIZ6@426D0	실행12	3	ウォッチベル	워치벨
X-00580	WIZ6@426E0	실행16	3	コンフュージョン	컨퓨전
X-00581	WIZ6@426F4	실행18	3	アイデンティファイ	아이덴티파이
X-00582	WIZ6@42708	실행24	3	ディテクト・シークレット	디텍트 시크릿
X-00583	WIZ6@42724	실행20	3	ディバイン・トラップ	디바인 트랩
X-00584	WIZ6@4273C	실행30	3	キュア・レッサーコンディション	큐어 레서 컨디션
X-00585	WIZ6@4275C	실행8	3	チャーム	참
X-00586	WIZ6@42770	실행8	3	スリープ	슬립
X-00587	WIZ6@4277C	실행18	3	メンタル・アタック	멘탈 어택
X-00588	WIZ6@42790	실행16	3	キュア・ストーン	큐어 스톤
X-00589	WIZ6@427A4	실행18	3	クリエート・ライフ	크리에이트 라이프
X-00590	WIZ6@427B8	실행10	3	クラッシュ	크러시
X-00591	WIZ6@427C4	실행14	3	アーマーメルト	아머 멜트
X-00592	WIZ6@427D4	실행14	3	アシッド・ボム	애시드 봄
X-00593	WIZ6@427E4	실행20	3	ホイッピング・ロック	위핑 록
X-00594	WIZ6@427FC	실행6	3	ウェブ	웹
X-00595	WIZ6@42804	실행16	3	アーマープレート	아머 플레이트
X-00596	WIZ6@42818	실행8	3	ブレーズ	블레이즈
X-00597	WIZ6@42824	실행12	3	ノックノック	노크노크
X-00598	WIZ6@42834	실행14	3	ディレクション	디렉션
X-00599	WIZ6@42844	실행18	3	アーマー・シールド	아머 실드
X-00600	WIZ6@42858	실행18	3	イッチング・スキン	이칭 스킨
X-00601	WIZ6@4286C	실행22	3	アシッド・スプラッシュ	애시드 스플래시
X-00602	WIZ6@42884	실행14	3	デス・クラウド	데스 클라우드
X-00603	WIZ6@42894	실행16	3	デッドリー・エア	데들리 에어
X-00604	WIZ6@428A8	실행20	3	アスフィジェーション	애스픽시에이션
X-00605	WIZ6@428C0	실행20	3	ノクシャス・フューム	녹셔스 퓸
X-00606	WIZ6@428D8	실행22	3	トクシック・ベイパース	톡식 베이퍼스
X-00607	WIZ6@428F0	실행10	3	レビテイト	레비테이트
X-00608	WIZ6@428FC	실행20	3	デッドリー・ポイズン	데들리 포이즌
X-00609	WIZ6@42914	실행20	3	ピューリファイ・エア	퓨리파이 에어
X-00610	WIZ6@4292C	실행16	3	ホイールウィンド	훨윈드
X-00611	WIZ6@42940	실행16	3	キュア・ポイズン	큐어 포이즌
X-00612	WIZ6@42954	실행14	3	ポイズン・ガス	포이즌 가스
X-00613	WIZ6@42964	실행10	3	サイレンス	사일런스
X-00614	WIZ6@42970	실행14	3	エア・ポケット	에어 포켓
X-00615	WIZ6@42980	실행16	3	スティング・ボム	스팅 봄
X-00616	WIZ6@42994	실행18	3	シュリル・サウンド	슈릴 사운드
X-00617	WIZ6@429A8	실행18	3	ミサイル・シールド	미사일 실드
X-00618	WIZ6@429BC	실행8	3	ポイズン	포이즌
X-00619	WIZ6@429C8	실행18	3	キュア・ディジーズ	큐어 디지즈
X-00620	WIZ6@429DC	실행18	3	ドレイン・クラウド	드레인 클라우드
X-00621	WIZ6@429F0	실행18	3	ディープ・フリーズ	딥 프리즈
X-00622	WIZ6@42A04	실행12	3	スーパーマン	슈퍼맨
X-00623	WIZ6@42A14	실행10	3	パラライズ	패럴라이즈
X-00624	WIZ6@42A20	실행14	3	アイス・ボール	아이스 볼
X-00625	WIZ6@42A30	실행10	3	レストフル	레스트풀
X-00626	WIZ6@42A3C	실행16	3	アイス・シールド	아이스 실드
X-00627	WIZ6@42A50	실행18	3	キュア・パラライズ	큐어 패럴라이즈
X-00628	WIZ6@42A64	실행8	3	ヘイスト	헤이스트
X-00629	WIZ6@42A70	실행6	3	スロー	슬로
X-00630	WIZ6@42A78	실행10	3	ウィークン	위큰
X-00631	WIZ6@42A84	실행6	3	テラー	테러
X-00632	WIZ6@42A8C	실행8	3	スタミナ	스태미나
X-00633	WIZ6@42A98	실행16	3	チリング・タッチ	칠링 터치
X-00634	WIZ6@42AAC	실행24	3	ニュークリアー・ブラスト	뉴클리어 블래스트
X-00635	WIZ6@42AC8	실행18	3	ファイヤーストーム	파이어스톰
X-00636	WIZ6@42ADC	실행22	3	プリズミック・ミサイル	프리즈믹 미사일
X-00637	WIZ6@42AF4	실행12	3	ライトニング	라이트닝
X-00638	WIZ6@42B04	실행16	3	ファイヤー・ボム	파이어 봄
X-00639	WIZ6@42B18	실행18	3	ダズリング・ライト	대즐링 라이트
X-00640	WIZ6@42B2C	실행20	3	ファイヤー・シールド	파이어 실드
X-00641	WIZ6@42B58	실행24	3	サイオニック・ファイヤー	사이오닉 파이어
X-00642	WIZ6@42B74	실행28	3	ブラインディング・フラッシュ	블라인딩 플래시
X-00643	WIZ6@42B94	실행18	3	エナジー・ブラスト	에너지 블래스트
X-00644	WIZ6@42BA8	실행21	2	ノースイグジット キー	노스 엑시트 키
X-00645	WIZ6@42BC0	실행17	2	デルファイ リング	델파이 링
X-00646	WIZ6@42BD4	실행15	2	リキッド メタル	리퀴드 메탈
X-00647	WIZ6@42BE4	실행21	2	ウィザードケイブ キー	위저드 케이브 키
X-00648	WIZ6@42BFC	실행12	2	ハーブのパテ	허브 반죽
X-00649	WIZ6@42C0C	실행16	1	マホウのクッキー	마법 쿠키
X-00650	WIZ6@42C20	실행6	2	リンゴ	사과
X-00651	WIZ6@42C28	실행13	2	ラット アベガ	랫 아베가
X-00652	WIZ6@42C38	실행14	1	バラのハナビラ	장미 꽃잎
X-00653	WIZ6@42C48	실행13	2	スター リング	스타 링
X-00654	WIZ6@42C58	실행18	1	ギンノのジュウジカ	은 십자가
X-00655	WIZ6@42C6C	실행11	2	スター キー	스타 키
X-00656	WIZ6@42C78	실행8	1	ＢＤキー	ＢＤ 키
X-00657	WIZ6@42C84	실행15	2	ファイナル キー	파이널 키
X-00658	WIZ6@42C94	실행15	2	ナッシング キー	낫싱 키
X-00659	WIZ6@42CA4	실행17	2	クワンドリー キー	콴드리 키
X-00660	WIZ6@42CB8	실행21	2	ファーストテスト キー	퍼스트테스트 키
X-00661	WIZ6@42CD0	실행19	2	ディサイジョン キー	디시전 키
X-00662	WIZ6@42CE4	실행16	2	ハンシャスルイワ	반사하는 바위
X-00663	WIZ6@42CF8	실행14	2	ティンカーベル	팅커벨
X-00664	WIZ6@42D08	실행12	1	アラムのツエ	아람의 지팡
X-00665	WIZ6@42D18	실행25	2	ホーリーウォーター （＋）	홀리 워터 （＋）
X-00666	WIZ6@42D34	실행16	1	セイナルキのクイ	성스러운 말뚝
X-00667	WIZ6@42D48	실행11	2	エビル キー	이블 키
X-00668	WIZ6@42D54	실행13	2	クイーン キー	퀸 키
X-00669	WIZ6@42D64	실행17	2	ヴァルキリー キー	발키리 키
X-00670	WIZ6@42D78	실행11	2	ナイト キー	나이트 키
X-00671	WIZ6@42D84	실행11	2	ドロー キー	드로 키
X-00672	WIZ6@42D90	실행15	2	スケルトン キー	스켈레톤 키
X-00673	WIZ6@42DA0	실행12	2	アカイキノコ	붉은 버섯
X-00674	WIZ6@42DB0	실행11	2	デッド キー	데드 키
X-00675	WIZ6@42DBC	실행13	2	ヴァルト キー	볼트 키
X-00676	WIZ6@42DCC	실행16	2	ハリツキツリイト	바늘 달린 낚싯줄
X-00677	WIZ6@42DE0	실행8	2	ツリバリ	낚싯바늘
X-00678	WIZ6@42DEC	실행8	2	ツリイト	낚싯줄
X-00679	WIZ6@42DF8	실행21	1	センツキ ビン＋コタエ	마개 병＋답
X-00680	WIZ6@42E10	실행19	1	センツキ ビン＋メモ	마개 병＋메모
X-00681	WIZ6@42E24	실행13	1	メモイリ ビン	메모 든 병
X-00682	WIZ6@42E34	실행13	1	センツキ ビン	마개 달린 병
X-00683	WIZ6@42E44	실행4	2	メモ	메모
X-00684	WIZ6@42E4C	실행10	2	コルクセン	코르크마개
X-00685	WIZ6@42E58	실행6	2	オコウ	향
X-00686	WIZ6@42E60	실행10	2	ミズギセル	물담뱃대
X-00687	WIZ6@42E6C	실행23	1	イーストイグジット キー	이스트 엑시트 키
X-00688	WIZ6@42E84	실행11	2	ロスト キー	로스트 키
X-00689	WIZ6@42E90	실행12	1	イハイのツボ	유골 단지
X-00690	WIZ6@42EA0	실행14	1	サイレンのショ	세이렌의 책
X-00691	WIZ6@42EB0	실행9	2	トム キー	톰 키
X-00692	WIZ6@42EBC	실행12	2	イハイノツボ	유골단지
X-00693	WIZ6@42ECC	실행14	1	モウジャのショ	망자의 책
X-00694	WIZ6@42EDC	실행13	2	ダメンド キー	다멘드 키
X-00695	WIZ6@42EEC	실행11	2	ミノス キー	미노스 키
X-00696	WIZ6@42EF8	실행11	3	デス スピア	데스 스피어
X-00697	WIZ6@42F04	실행15	2	フット パウダー	풋 파우더
X-00698	WIZ6@42F14	실행18	1	マウムームーのゾウ	마우무무 상
X-00699	WIZ6@42F28	실행12	1	カラのフクロ	빈 자루
X-00700	WIZ6@42F38	실행10	2	スナブクロ	모래 자루
X-00701	WIZ6@42F44	실행11	2	ボーン キー	본 키
X-00702	WIZ6@42F50	실행8	2	ネバネバ	끈적이
X-00703	WIZ6@42F5C	실행14	1	ルビーのメダマ	루비 눈알
X-00704	WIZ6@42F6C	실행18	1	タマシイのツノブエ	영혼의 뿔피리
X-00705	WIZ6@42F80	실행20	1	マホウツカイのニッキ	마법사의 일기
X-00706	WIZ6@42F98	실행13	2	スペアー キー	스페어 키
X-00707	WIZ6@42FA8	실행16	2	ヤキトウモロコシ	군옥수수
X-00708	WIZ6@42FBC	실행4	2	ノミ	끌
X-00709	WIZ6@42FC4	실행13	1	マイナー キー	마이너 키
X-00710	WIZ6@42FD4	실행20	1	マホウツカイのユビワ	마법사의 반지
X-00711	WIZ6@42FEC	실행12	2	アクセサリー	액세서리
X-00712	WIZ6@42FFC	실행10	2	オモイイワ	무거운 돌
X-00713	WIZ6@43008	실행10	2	ゴムバンド	고무 밴드
X-00714	WIZ6@43014	실행8	2	ゴムヒモ	고무줄
X-00715	WIZ6@43020	실행8	2	ゴムイト	고무실
X-00716	WIZ6@4302C	실행8	2	ハグルマ	톱니바퀴
X-00717	WIZ6@43038	실행16	2	コワレタハグルマ	부서진 톱니
X-00718	WIZ6@4304C	실행14	1	オヒツジのショ	양자리의 책
X-00719	WIZ6@4305C	실행8	2	ハンケン	반권
X-00720	WIZ6@43068	실행14	1	シンピのアブラ	신비의 기름
X-00721	WIZ6@43078	실행16	1	イヌのヌイグルミ	개 인형
X-00722	WIZ6@4308C	실행18	1	ＪＲカイドクユビワ	ＪＲ해독반지
X-00723	WIZ6@430A0	실행8	2	ツルハシ	곡괭이
X-00724	WIZ6@430AC	실행15	2	ダンジョン キー	던전 키
X-00725	WIZ6@430BC	실행16	1	ロープとカギヅメ	로프와 갈고리
X-00726	WIZ6@430D0	실행8	1	カギヅメ	갈고리
X-00727	WIZ6@430DC	실행14	1	シシャのニッキ	사자의 일기
X-00728	WIZ6@430EC	실행13	2	ジェイル キー	제일 키
X-00729	WIZ6@430FC	실행12	1	ワインのビン	와인 병
X-00730	WIZ6@4310C	실행15	2	クサッタ チーズ	썩은 치즈
X-00731	WIZ6@4311C	실행13	3	シルバー キー	실버 키
X-00732	WIZ6@4312C	실행13	2	オモイ ロープ	무거운 로프
X-00733	WIZ6@4313C	실행9	2	ベル キー	벨 키
X-00734	WIZ6@43148	실행12	1	オウのニッキ	왕의 일기
X-00735	WIZ6@43158	실행13	3	クローム キー	크롬 키
X-00736	WIZ6@43168	실행9	2	ラム キー	램 키
X-00737	WIZ6@43174	실행12	1	ヤギのカメン	산양 가면
X-00738	WIZ6@43184	실행13	2	スペード キー	스페이드 키
X-00739	WIZ6@43194	실행17	2	ステイブ ミサイル	스테이브 미사일
X-00740	WIZ6@431A8	실행13	2	コッパー キー	코퍼 키
X-00741	WIZ6@431B8	실행13	3	アイアン キー	아이언 키
X-00742	WIZ6@431C8	실행13	2	ゴールド キー	골드 키
X-00743	WIZ6@431D8	실행21	2	アーマーメルト ブック	아머멜트 북
X-00744	WIZ6@431F0	실행15	2	ドーゼズ ブック	도제즈 북
X-00745	WIZ6@43200	실행17	1	ＬＴキュア ブック	ＬＴ큐어 북
X-00746	WIZ6@43214	실행21	2	プロテクション ブック	프로텍션 북
X-00747	WIZ6@4322C	실행25	2	ファイアーシールド ブック	파이어실드 북
X-00748	WIZ6@43248	실행15	2	ポイズン ブック	포이즌 북
X-00749	WIZ6@43258	실행15	2	スロース ブック	슬로스 북
X-00750	WIZ6@43268	실행19	2	ウィーキング ブック	위킹 북
X-00751	WIZ6@4327C	실행23	2	ブラインディング ブック	블라인딩 북
X-00752	WIZ6@43294	실행13	2	チルズ ブック	칠즈 북
X-00753	WIZ6@432A4	실행21	3	ディテクション ブック	디텍션 북
X-00754	WIZ6@432BC	실행21	3	ディレクション ブック	디렉션 북
X-00755	WIZ6@432D4	실행13	3	ノック ブック	노크 북
X-00756	WIZ6@432E4	실행17	2	サイレンス ブック	사일런스 북
X-00757	WIZ6@432F8	실행21	2	エアーシールド ブック	에어실드 북
X-00758	WIZ6@43310	실행13	3	エアー ブック	에어 북
X-00759	WIZ6@43320	실행22	2	アイス シールド ブック	아이스 실드 북
X-00760	WIZ6@43338	실행20	1	ミスティック　ダスト	미스틱　더스트
X-00761	WIZ6@43350	실행20	1	アンシャント　ダスト	에인션트　더스트
X-00762	WIZ6@43368	실행10	2	ブラインド	블라인드
X-00763	WIZ6@43374	실행8	2	スニーズ	스니즈
X-00764	WIZ6@43380	실행16	2	フェアリーダスト	페어리 더스트
X-00765	WIZ6@43394	실행21	3	アンチマジック ブック	안티매직 북
X-00766	WIZ6@433AC	실행13	2	ピース ブック	피스 북
X-00767	WIZ6@433BC	실행25	2	アイデンティファイ ブック	아이덴티파이 북
X-00768	WIZ6@433D8	실행17	2	ウィドウズ ブック	위도즈 북
X-00769	WIZ6@433EC	실행21	3	レビテーション ブック	레비테이션 북
X-00770	WIZ6@43404	실행10	3	リザレクト	리저렉트
X-00771	WIZ6@43410	실행10	3	レビテート	레비테이트
X-00772	WIZ6@4341C	실행16	3	ファイアーボール	파이어볼
X-00773	WIZ6@43430	실행8	2	ブレイズ	블레이즈
X-00774	WIZ6@4343C	실행25	3	エンチャンテッド ブレード	인챈티드 블레이드
X-00775	WIZ6@43458	실행14	2	アイスシールド	아이스실드
X-00776	WIZ6@43468	실행18	2	ファイアーシールド	파이어실드
X-00777	WIZ6@4347C	실행19	3	ホールド モンスター	홀드 몬스터
X-00778	WIZ6@43490	실행13	3	ノック ノック	노크 노크
X-00779	WIZ6@434A0	실행6	3	スロウ	슬로
X-00780	WIZ6@434A8	실행21	3	ディスペル アンデッド	디스펠 언데드
X-00781	WIZ6@434C0	실행17	3	マジック ミサイル	매직 미사일
X-00782	WIZ6@434D4	실행16	2	アーマーシールド	아머실드
X-00783	WIZ6@434E8	실행8	2	セイスイ	성수
X-00784	WIZ6@434F4	실행18	2	デッドリーポイズン	데들리포이즌
X-00785	WIZ6@43508	실행13	3	アシッド ボム	애시드 봄
X-00786	WIZ6@43518	실행13	3	ポイズン ボム	포이즌 봄
X-00787	WIZ6@43528	실행15	3	ファイアー ボム	파이어 봄
X-00788	WIZ6@43538	실행13	3	チェリー ボム	체리 봄
X-00789	WIZ6@43548	실행14	2	スティンクボム	스팅크봄
X-00790	WIZ6@43558	실행14	2	リザレクション	레저렉션
X-00791	WIZ6@43568	실행15	3	キュア ストーン	큐어 스톤
X-00792	WIZ6@43578	실행17	3	キュア パラライズ	큐어 패럴라이즈
X-00793	WIZ6@4358C	실행15	3	キュア ポイズン	큐어 포이즌
X-00794	WIZ6@4359C	실행26	2	キュア ＬＴ コンディション	큐어 ＬＴ 컨디션
X-00795	WIZ6@435B8	실행15	3	ＨＶ． スタミナ	ＨＶ． 스태미나
X-00796	WIZ6@435C8	실행17	3	ＭＯＤ． スタミナ	ＭＯＤ． 스태미나
X-00797	WIZ6@435DC	실행13	3	ＨＶ． ヒール	ＨＶ． 힐
X-00798	WIZ6@435EC	실행15	3	ＭＯＤ． ヒール	ＭＯＤ． 힐
X-00799	WIZ6@435FC	실행13	3	ＬＴ． ヒール	ＬＴ． 힐
X-00800	WIZ6@4360C	실행16	2	ゴールデンロッド	골든로드
X-00801	WIZ6@43620	실행18	2	ライトニングロッド	라이트닝로드
X-00802	WIZ6@43634	실행17	3	スプライト ロッド	스프라이트 로드
X-00803	WIZ6@43648	실행16	2	ナイトスティック	나이트스틱
X-00804	WIZ6@4365C	실행20	2	フェアリースティック	페어리스틱
X-00805	WIZ6@43674	실행18	2	ピクシースティック	픽시스틱
X-00806	WIZ6@43688	실행15	2	スカイ ロケット	스카이 로켓
X-00807	WIZ6@43698	실행14	2	ボトルロケット	보틀로켓
X-00808	WIZ6@436A8	실행21	2	ファイアー クラッカー	파이어 크래커
X-00809	WIZ6@436C0	실행10	2	アイシクル	고드름
X-00810	WIZ6@436CC	실행12	2	スパークラー	스파클러
X-00811	WIZ6@436DC	실행16	2	ライジングワンド	라이징원드
X-00812	WIZ6@436F0	실행18	2	ネクロロジーロッド	네크롤로지로드
X-00813	WIZ6@43704	실행14	2	ゴーストワンド	고스트원드
X-00814	WIZ6@43714	실행17	3	クリスタル ワンド	크리스탈 원드
X-00815	WIZ6@43728	실행18	2	ウェービングワンド	웨이빙원드
X-00816	WIZ6@4373C	실행16	2	ミステリーワンド	미스터리원드
X-00817	WIZ6@43750	실행16	2	ルーインスタッフ	루인스태프
X-00818	WIZ6@43764	실행18	2	ウィッチスティーブ	위치스테이브
X-00819	WIZ6@43778	실행14	2	ムーンステーブ	문스테이브
X-00820	WIZ6@43788	실행24	2	ドライアディックスタッフ	드라이애딕스태프
X-00821	WIZ6@437A4	실행16	2	スタースティーブ	스타스테이브
X-00822	WIZ6@437B8	실행16	2	マジカススタッフ	매지커스스태프
X-00823	WIZ6@437CC	실행13	2	ポール アンク	폴 앙크
X-00824	WIZ6@437DC	실행13	2	アニー アンク	애니 앙크
X-00825	WIZ6@437EC	실행12	1	シジンのショ	시인의 책
X-00826	WIZ6@437FC	실행15	3	デモンズ ブック	데몬즈 북
X-00827	WIZ6@4380C	실행18	2	ラプチュアーブック	랩처 북
X-00828	WIZ6@43820	실행14	2	マントラブック	만트라 북
X-00829	WIZ6@43830	실행15	2	ファイラ アンク	파일라 앙크
X-00830	WIZ6@43840	실행11	3	デス アンク	데스 앙크
X-00831	WIZ6@4384C	실행13	3	ライフ アンク	라이프 앙크
X-00832	WIZ6@4385C	실행23	3	サンクティティー アンク	생크티티 앙크
X-00833	WIZ6@43874	실행21	2	ピュアリティー アンク	퓨리티 앙크
X-00834	WIZ6@4388C	실행15	3	スピード アンク	스피드 앙크
X-00835	WIZ6@4389C	실행13	3	ユース アンク	유스 앙크
X-00836	WIZ6@438AC	실행13	3	マイト アンク	마이트 앙크
X-00837	WIZ6@438BC	실행15	3	ＡＭＵ． ライフ	ＡＭＵ． 라이프
X-00838	WIZ6@438CC	실행15	2	ＡＭＵ． アイス	ＡＭＵ． 아이스
X-00839	WIZ6@438DC	실행17	2	ＡＭＵ． ウィンド	ＡＭＵ． 윈드
X-00840	WIZ6@438F0	실행15	3	ＡＭＵ． エアー	ＡＭＵ． 에어
X-00841	WIZ6@43900	실행15	2	ＡＭＵ． ナイト	ＡＭＵ． 나이트
X-00842	WIZ6@43910	실행18	2	ディフトネスリング	디프트니스링
X-00843	WIZ6@43924	실행14	2	スピードリング	스피드링
X-00844	WIZ6@43934	실행18	2	ミスティックリング	미스틱링
X-00845	WIZ6@43948	실행14	2	マインズリング	마인즈링
X-00846	WIZ6@43958	실행20	2	トードストーンリング	토드스톤링
X-00847	WIZ6@43970	실행14	2	リンクスリング	링크스링
X-00848	WIZ6@43980	실행19	3	ダイアモンド リング	다이아몬드 링
X-00849	WIZ6@43994	실행15	3	カメオ ロケット	카메오 로켓
X-00850	WIZ6@439A4	실행14	1	ＰＫクリスタル	ＰＫ 크리스탈
X-00851	WIZ6@439B4	실행12	1	バラのハナワ	장미 화환
X-00852	WIZ6@439C4	실행12	2	デスメンポー	데스 멘포
X-00853	WIZ6@439D4	실행19	3	スカラベ ネックレス	스카라베 목걸이
X-00854	WIZ6@439E8	실행12	1	ヒスイのゾウ	비취 조각상
X-00855	WIZ6@439F8	실행12	2	クスリブクロ	약 주머니
X-00856	WIZ6@43A08	실행21	3	ミッドナイト クローク	미드나이트 클로크
X-00857	WIZ6@43A20	실행14	1	ミドリのオウム	초록 앵무새
X-00858	WIZ6@43A30	실행14	2	トラマエダイト	트라마에다이트
X-00859	WIZ6@43A40	실행14	1	ルビーのマヨケ	루비 부적
X-00860	WIZ6@43A50	실행16	1	ギンのジュウジカ	은 십자가
X-00861	WIZ6@43A64	실행20	2	チェインデスパイアー	체인 데스파이어
X-00862	WIZ6@43A7C	실행8	2	ニンニク	마늘
X-00863	WIZ6@43A88	실행16	2	ボーンネックレス	본 넥클리스
X-00864	WIZ6@43A9C	실행17	3	シャドウ クローク	섀도 클로크
X-00865	WIZ6@43AB0	실행8	2	ガンタイ	안대
X-00866	WIZ6@43ABC	실행17	3	エバニー ヒューム	에보니 흄
X-00867	WIZ6@43AD0	실행18	1	トライコーンハット	트라이콘 햇
X-00868	WIZ6@43AE4	실행25	3	ディスプレイサー クローク	디스플레이서 클로크
X-00869	WIZ6@43B00	실행12	2	ヒゼンケープ	비전 케이프
X-00870	WIZ6@43B10	실행22	2	ヘラルディックシールド	헤럴딕 실드
X-00871	WIZ6@43B28	실행16	1	ガラスのスリッパ	유리 슬리퍼
X-00872	WIZ6@43B3C	실행12	1	ミズのツバサ	물의 날개
X-00873	WIZ6@43B4C	실행20	2	シークレットスリッパ	시크릿 슬리퍼
X-00874	WIZ6@43B64	실행14	2	オビタスヘルム	오비타스 헬름
X-00875	WIZ6@43B74	실행19	1	モーデカイズ コーン	모데카이즈 콘
X-00876	WIZ6@43B88	실행23	3	ハイ－カネ－ドウ （Ｌ）	하이－카네－도（Ｌ）
X-00877	WIZ6@43BA0	실행23	3	ハイ－カネ－ドウ （Ｕ）	하이－카네－도（Ｕ）
X-00878	WIZ6@43BB8	실행24	3	エバニー プレート （Ｌ）	에보니 플레이트（Ｌ）
X-00879	WIZ6@43BD4	실행24	3	エバニー プレート （Ｕ）	에보니 플레이트（Ｕ）
X-00880	WIZ6@43BF0	실행23	3	スタッド－カー ブラ＋２	스터드－카 브라＋２
X-00881	WIZ6@43C08	실행8	3	ヒューム	흄
X-00882	WIZ6@43C14	실행17	3	フォレスト ケープ	포레스트 케이프
X-00883	WIZ6@43C28	실행17	3	マンティス ブーツ	맨티스 부츠
X-00884	WIZ6@43C3C	실행19	3	マンティス グローブ	맨티스 글러브
X-00885	WIZ6@43C50	실행10	3	アーメット	아멧
X-00886	WIZ6@43C5C	실행19	2	ベナルローブ （Ｌ）	베날 로브（Ｌ）
X-00887	WIZ6@43C70	실행19	2	ベナルローブ （Ｕ）	베날 로브（Ｕ）
X-00888	WIZ6@43C84	실행26	2	エンチャント ローブ （Ｌ）	인챈트 로브 （Ｌ）
X-00889	WIZ6@43CA0	실행26	2	エンチャント ローブ （Ｕ）	인챈트 로브 （Ｕ）
X-00890	WIZ6@43CBC	실행18	3	マイタ デ サンクタ	마이터 데 상크타
X-00891	WIZ6@43CD0	실행19	3	フェアリー キャップ	페어리 캡
X-00892	WIZ6@43CE4	실행21	3	カーメイル パンツ＋２	카메일 팬츠＋２
X-00893	WIZ6@43CFC	실행25	3	カーメイル ダブレット＋２	카메일 더블릿＋２
X-00894	WIZ6@43D18	실행23	3	アノインテッド クローク	어노인티드 클로크
X-00895	WIZ6@43D30	실행15	3	ドラゴン カイト	드래곤 카이트
X-00896	WIZ6@43D40	실행12	2	リードブーツ	납 부츠
X-00897	WIZ6@43D50	실행19	3	シルバー ソラレット	실버 솔러렛
X-00898	WIZ6@43D64	실행17	3	シルバー グローブ	실버 글러브
X-00899	WIZ6@43D78	실행14	2	コックスコウム	콕스콤
X-00900	WIZ6@43D88	실행21	3	バシネット カーメイル	배서닛 카메일
X-00901	WIZ6@43DA0	실행17	3	バゴネット ヘルム	바고넷 헬름
X-00902	WIZ6@43DB4	실행19	2	フルプレート （Ｌ）	풀 플레이트（Ｌ）
X-00903	WIZ6@43DC8	실행19	2	フルプレート （Ｕ）	풀 플레이트（Ｕ）
X-00904	WIZ6@43DDC	실행18	2	ファックスプレート	팩스플레이트
X-00905	WIZ6@43DF0	실행19	3	トセイ－ドウ （Ｌ）	토세이－도 （Ｌ）
X-00906	WIZ6@43E04	실행19	3	トセイ－ドウ （Ｕ）	토세이－도 （Ｕ）
X-00907	WIZ6@43E18	실행17	3	ブロンズ グリーブ	브론즈 그리브
X-00908	WIZ6@43E2C	실행23	3	ジェーズレイン スカート	제즈레인 스커트
X-00909	WIZ6@43E44	실행25	3	ジェーズレイン チュニック	제즈레인 튜닉
X-00910	WIZ6@43E60	실행15	2	ダック シールド	덕 실드
X-00911	WIZ6@43E70	실행17	3	カッパー グローブ	코퍼 글러브
X-00912	WIZ6@43E84	실행17	3	シャモア グローブ	섀미 글러브
X-00913	WIZ6@43E98	실행20	2	アンクターズグローブ	앵크터즈글러브
X-00914	WIZ6@43EB0	실행6	3	カブト	투구
X-00915	WIZ6@43EB8	실행12	3	ヘルムコイフ	헬름 코이프
X-00916	WIZ6@43EC8	실행19	3	フリギアン キャップ	프리지안 캡
X-00917	WIZ6@43EDC	실행16	2	ホーリーレギング	홀리 레깅
X-00918	WIZ6@43EF0	실행19	3	スタッド ソーシーズ	스터드 소시즈
X-00919	WIZ6@43F04	실행23	3	スタデッド ヒュービーク	스터디드 휴빅
X-00920	WIZ6@43F1C	실행15	3	レザー グリーブ	레더 그리브
X-00921	WIZ6@43F2C	실행19	3	ブロンズ キュイラス	브론즈 퀴러스
X-00922	WIZ6@43F44	실행6	3	マイタ	마이터
X-00923	WIZ6@43F4C	실행17	1	ウィザーズ コーン	위저즈 콘
X-00924	WIZ6@43F60	실행11	3	タビ ブーツ	버선 부츠
X-00925	WIZ6@43F6C	실행15	3	ニンジャ カウル	닌자 카울
X-00926	WIZ6@43F7C	실행22	3	ニンジャ ガーブ （Ｌ）	닌자 가브 （Ｌ）
X-00927	WIZ6@43F94	실행22	3	ニンジャ ガーブ （Ｕ）	닌자 가브 （Ｕ）
X-00928	WIZ6@43FAC	실행17	3	ヒーター シールド	히터 실드
X-00929	WIZ6@43FC0	실행10	3	ソラレット	솔러렛
X-00930	WIZ6@43FCC	실행23	3	スティール ガントレット	스틸 건틀릿
X-00931	WIZ6@43FE4	실행10	3	バシネット	배서닛
X-00932	WIZ6@43FF0	실행16	2	グレビアプレート	그레비어플레이트
X-00933	WIZ6@44004	실행22	3	プレート メイル （Ｕ）	플레이트 메일 （Ｕ）
X-00934	WIZ6@4401C	실행20	2	ホーキシャルプレート	호키셜 플레이트
X-00935	WIZ6@44034	실행17	3	ラウンド シールド	라운드 실드
X-00936	WIZ6@44048	실행17	3	チャイン ハウゼン	차인 하우젠
X-00937	WIZ6@4405C	실행13	3	メイル ミトン	메일 미튼
X-00938	WIZ6@4406C	실행13	3	メイル コイフ	메일 코이프
X-00939	WIZ6@4407C	실행19	3	チェイン ソーシーズ	체인 소시즈
X-00940	WIZ6@44090	실행19	3	チェイン ホーバーク	체인 호버크
X-00941	WIZ6@440A4	실행13	3	サビタ ヨロイ	녹슨 갑옷
X-00942	WIZ6@440B4	실행17	3	スティール ヘルム	스틸 헬름
X-00943	WIZ6@440C8	실행17	3	ブレスト プレート	브레스트 플레이트
X-00944	WIZ6@440DC	실행19	3	バックラー シールド	버클러 실드
X-00945	WIZ6@440F0	실행13	3	レザー ブーツ	레더 부츠
X-00946	WIZ6@44100	실행17	3	カー ガントレット	카 건틀릿
X-00947	WIZ6@44114	실행13	3	レザー ヘルム	레더 헬름
X-00948	WIZ6@44124	실행15	3	レザー レギング	레더 레깅
X-00949	WIZ6@44134	실행17	3	レザー ホーバーク	레더 호버크
X-00950	WIZ6@44148	실행17	3	レザー キュイラス	레더 퀴러스
X-00951	WIZ6@4415C	실행15	3	キルト レギング	퀼트 레깅
X-00952	WIZ6@4416C	실행17	3	キルト チュニック	퀼트 튜닉
X-00953	WIZ6@44180	실행15	3	ファー レギング	퍼 레깅
X-00954	WIZ6@44190	실행8	3	バスキン	버스킨
X-00955	WIZ6@4419C	실행8	3	サンダル	샌들
X-00956	WIZ6@441A8	실행17	3	フェザード ハット	페더드 햇
X-00957	WIZ6@441BC	실행14	3	スカルキャップ	스컬캡
X-00958	WIZ6@441CC	실행15	3	スエード パンツ	스웨이드 팬츠
X-00959	WIZ6@441DC	실행19	3	スエード ダブレット	스웨이드 더블릿
X-00960	WIZ6@441F0	실행17	3	シャモア スカート	섀미 스커트
X-00961	WIZ6@44204	실행13	3	ファー ホルタ	퍼 홀터
X-00962	WIZ6@44214	실행13	3	ローブ （Ｌ）	로브 （Ｌ）
X-00963	WIZ6@44224	실행13	3	ローブ （Ｕ）	로브 （Ｕ）
X-00964	WIZ6@44234	실행15	3	クロース パンツ	클로스 팬츠
X-00965	WIZ6@44244	실행15	3	クロース シャツ	클로스 셔츠
X-00966	WIZ6@44254	실행20	2	ジャイアントスレッジ	자이언트 슬레지
X-00967	WIZ6@4426C	실행16	2	ハンマー＋１．５	해머＋１．５
X-00968	WIZ6@44280	실행12	2	シケンシュリ	시켄슈리
X-00969	WIZ6@44290	실행12	3	ワキザシ＋１	와키자시＋１
X-00970	WIZ6@442A0	실행17	3	ランバス スタッフ	램버스 스태프
X-00971	WIZ6@442B4	실행13	3	エルブン ボウ	엘븐 보우
X-00972	WIZ6@442C4	실행21	3	ファウスト ハルバード	파우스트 할버드
X-00973	WIZ6@442DC	실행15	3	ザトウイチ ボウ	자토이치 보우
X-00974	WIZ6@442EC	실행15	3	メナーズ ランス	메나즈 랜스
X-00975	WIZ6@442FC	실행17	3	ダイアモンド アイ	다이아몬드 아이
X-00976	WIZ6@44310	실행17	3	イーサー ブレード	이서 블레이드
X-00977	WIZ6@44324	실행14	3	エクスカリバー	엑스칼리버
X-00978	WIZ6@44334	실행17	3	ムラマサ ブレード	무라마사 블레이드
X-00979	WIZ6@44348	실행15	3	ジ アベンジャー	디 어벤저
X-00980	WIZ6@44358	실행22	3	エストック デ オリビア	에스톡 데 올리비아
X-00981	WIZ6@44370	실행8	3	ファング	팽
X-00982	WIZ6@4437C	실행19	3	セイント バスタード	세인트 바스타드
X-00983	WIZ6@44390	실행13	3	ハーツ ソード	하츠 소드
X-00984	WIZ6@443A0	실행18	2	デーモンズトゥース	데몬즈 투스
X-00985	WIZ6@443B4	실행16	1	オヒツジのダガー	양자리의 대거
X-00986	WIZ6@443C8	실행13	3	ケーキ ライア	케이크 라이어
X-00987	WIZ6@443D8	실행14	2	カッコウコール	뻐꾸기 피리
X-00988	WIZ6@443E8	실행19	3	ライトニング ボルト	라이트닝 볼트
X-00989	WIZ6@443FC	실행19	3	セージ アルバレスト	세이지 아발레스트
X-00990	WIZ6@44410	실행14	3	ピースメーカー	피스메이커
X-00991	WIZ6@44420	실행19	3	ミスティック アロー	미스틱 애로
X-00992	WIZ6@44434	실행13	3	グレート ボウ	그레이트 보우
X-00993	WIZ6@44444	실행14	2	デビルストーン	데빌스톤
X-00994	WIZ6@44454	실행15	3	リスト ロケット	리스트 로켓
X-00995	WIZ6@44464	실행8	2	バスリラ	배스리라
X-00996	WIZ6@44470	실행19	3	プロメテウス ホーン	프로메테우스 혼
X-00997	WIZ6@44484	실행26	3	キャット オー ナインテイル	캣 오 나인테일
X-00998	WIZ6@444A0	실행15	3	レイヴンズ ビル	레이븐즈 빌
X-00999	WIZ6@444B0	실행17	3	バルカン ハンマー	벌컨 해머
X-01000	WIZ6@444C4	실행15	3	メイデン ヘッド	메이든 헤드
X-01001	WIZ6@444D4	실행14	2	ウォーアックス	워액스
X-01002	WIZ6@444E4	실행15	3	ファイア ソード	파이어 소드
X-01003	WIZ6@444F4	실행16	2	ラディングスピア	래딩 스피어
X-01004	WIZ6@44508	실행19	3	ブレード カシナート	블레이드 커시나트
X-01005	WIZ6@4451C	실행15	3	シーブズ ダガー	시브즈 대거
X-01006	WIZ6@4452C	실행12	2	パンフルート	팬플루트
X-01007	WIZ6@4453C	실행16	2	ボーンブレイカー	본브레이커
X-01008	WIZ6@44550	실행17	3	ヘビー クロスボウ	헤비 크로스보우
X-01009	WIZ6@44564	실행17	3	ヴァイパー アロー	바이퍼 애로
X-01010	WIZ6@44578	실행10	1	ＡＰアロー	ＡＰ 애로
X-01011	WIZ6@44584	실행12	2	ベックスボウ	벡스 보우
X-01012	WIZ6@44594	실행14	2	ラインストーン	라인스톤
X-01013	WIZ6@445A4	실행18	2	サーペントストーン	서펜트 스톤
X-01014	WIZ6@445B8	실행20	2	ミッドナイトクワイヤ	미드나잇 콰이어
X-01015	WIZ6@445D0	실행14	2	デビルスパイプ	데빌스 파이프
X-01016	WIZ6@445E0	실행19	3	ホーリー バッシャー	홀리 배셔
X-01017	WIZ6@445F4	실행11	3	ハヤイ ボウ	빠른 보우
X-01018	WIZ6@44600	실행16	2	マスタードメイス	머스터드 메이스
X-01019	WIZ6@44614	실행18	2	バタフライアックス	버터플라이 액스
X-01020	WIZ6@44628	실행17	3	ブシドウ ブレード	부시도 블레이드
X-01021	WIZ6@4463C	실행19	3	ドラゴン スレイヤー	드래곤 슬레이어
X-01022	WIZ6@44650	실행16	2	ブラックブレード	블랙 블레이드
X-01023	WIZ6@44664	실행16	2	ビーストマスター	비스트마스터
X-01024	WIZ6@44678	실행16	2	ストライクソード	스트라이크 소드
X-01025	WIZ6@4468C	실행12	2	スカルダガー	스컬 대거
X-01026	WIZ6@4469C	실행19	3	エンジェルズ タング	엔젤즈 텅
X-01027	WIZ6@446B0	실행15	3	バーブド アロー	바브드 애로
X-01028	WIZ6@446C0	실행18	2	キューピッドアロー	큐피드 애로
X-01029	WIZ6@446D4	실행14	2	レザーストーン	레이저 스톤
X-01030	WIZ6@446E4	실행8	2	リュート	류트
X-01031	WIZ6@446F0	실행12	2	ハーモニウム	하모니움
X-01032	WIZ6@44700	실행8	3	ナギナタ	나기나타
X-01033	WIZ6@4470C	실행14	3	フォーチャード	포샤드
X-01034	WIZ6@4471C	실행17	3	モンスター ランス	몬스터 랜스
X-01035	WIZ6@44730	실행6	3	ランス	랜스
X-01036	WIZ6@44738	실행10	3	ヌンチャク	쌍절곤
X-01037	WIZ6@44744	실행4	3	サイ	사이
X-01038	WIZ6@4474C	실행10	3	シュリケン	수리검
X-01039	WIZ6@44758	실행12	3	ブルホイップ	불휩
X-01040	WIZ6@44768	실행18	3	ベック デ コルビン	벡 데 코르빈
X-01041	WIZ6@4477C	실행13	3	ジズカ スター	지즈카 스타
X-01042	WIZ6@4478C	실행10	3	バイプニス	바이프니스
X-01043	WIZ6@44798	실행6	3	ノダチ	노다치
X-01044	WIZ6@447A0	실행19	3	ツヴァイ ハンドラー	츠바이핸더
X-01045	WIZ6@447B4	실행12	3	フランバーグ	플람베르그
X-01046	WIZ6@447C4	실행12	3	ニンジャトウ	닌자도
X-01047	WIZ6@447D4	실행12	2	ギンズナイフ	긴즈 나이프
X-01048	WIZ6@447E4	실행12	3	スティレトウ	스틸레토
X-01049	WIZ6@447F4	실행12	3	ポインナード	포냐드
X-01050	WIZ6@44804	실행10	1	クォーレル	쿼렐
X-01051	WIZ6@44810	실행17	3	ライト クロスボウ	라이트 크로스보우
X-01052	WIZ6@44824	실행13	2	エルム アロー	엘름 애로
X-01053	WIZ6@44834	실행11	3	ロング ボウ	롱 보우
X-01054	WIZ6@44840	실행13	3	ショート ボウ	쇼트 보우
X-01055	WIZ6@44850	실행17	3	バレット ストーン	불릿 스톤
X-01056	WIZ6@44870	실행6	2	クラブ	클럽
X-01057	WIZ6@44878	실행6	2	ダーク	다크
X-01058	WIZ6@44880	실행10	3	ハルバード	할버드
X-01059	WIZ6@4488C	실행4	3	ボウ	보우
X-01060	WIZ6@44894	실행18	1	クォータースタッフ	쿼터스태프
X-01061	WIZ6@448A8	실행13	3	オール パイク	올 파이크
X-01062	WIZ6@448B8	실행6	3	スピア	스피어
X-01063	WIZ6@448C0	실행15	1	ウォー ハンマー	워 해머
X-01064	WIZ6@448D0	실행8	3	ハンマー	해머
X-01065	WIZ6@448DC	실행16	3	モーニングスター	모닝스타
X-01066	WIZ6@448F0	실행8	3	スタッフ	스태프
X-01067	WIZ6@448FC	실행6	3	メイス	메이스
X-01068	WIZ6@44904	실행15	1	ウォー セプター	워 셉터
X-01069	WIZ6@44914	실행23	3	アノインテッド フレイル	어노인티드 플레일
X-01070	WIZ6@4492C	실행14	3	バトルアックス	배틀액스
X-01071	WIZ6@4493C	실행27	1	ベアーデッド ウォーアックス	비어디드 워액스
X-01072	WIZ6@44958	실행12	3	クレイモアー	클레이모어
X-01073	WIZ6@44968	실행17	3	バスタード ソード	바스타드 소드
X-01074	WIZ6@4497C	실행6	3	カタナ	카타나
X-01075	WIZ6@449A4	실행20	2	インフェリアーソード	인페리어 소드
X-01076	WIZ6@449BC	실행8	3	カトラス	커틀러스
X-01077	WIZ6@449C8	실행8	3	レイピア	레이피어
X-01078	WIZ6@449D4	실행8	3	ワキザシ	와키자시
X-01079	WIZ6@449E0	실행14	2	ショートソード	쇼트소드
X-01080	WIZ6@449F0	실행14	3	マインゴーシュ	망고슈
X-01081	WIZ6@44A08	실행8	3	ガラクタ	잡동사니
X-01082	WIZ6@44A14	실행12	1	ファンタズム	판타즘
X-01083	WIZ6@44A24	실행6	2	レイス	레이스
X-01084	WIZ6@44A2C	실행6	1	キメラ	키메라
X-01085	WIZ6@44A34	실행10	1	ウィアード	위어드
X-01086	WIZ6@44A40	실행8	1	シャドウ	섀도
X-01087	WIZ6@44A4C	실행12	1	フィグメント	피그먼트
X-01088	WIZ6@44A5C	실행10	1	ホラスマス	호라스머스
X-01089	WIZ6@44A68	실행14	1	パイロ・アイル	파이로 아일
X-01090	WIZ6@44A78	실행16	1	ノール・トロール	놀・트롤
X-01091	WIZ6@44A8C	실행8	1	ピクシー	픽시
X-01092	WIZ6@44A98	실행14	1	ウルフ・ラット	울프・랫
X-01093	WIZ6@44AA8	실행16	1	ポイズン・バイン	포이즌・바인
X-01094	WIZ6@44ABC	실행20	1	アリエル・サーバント	에리얼・서번트
X-01095	WIZ6@44AD4	실행18	1	アンデッド・ロード	언데드・로드
X-01096	WIZ6@44AE8	실행8	1	シェイド	셰이드
X-01097	WIZ6@44AF4	실행8	1	ヘリオン	헬리온
X-01098	WIZ6@44B00	실행10	1	バーバラン	바바란
X-01099	WIZ6@44B0C	실행10	1	ガーゴイル	가고일
X-01100	WIZ6@44B18	실행18	1	スードゥ・ドラゴン	수도・드래곤
X-01101	WIZ6@44B2C	실행18	1	イシリアル・バット	이시리얼・배트
X-01102	WIZ6@44BD8	실행24	1	スプーキィー．フィギュア	스푸키．피규어
X-01103	WIZ6@44BF4	실행16	1	アカースド．ワン	어커스드．원
X-01104	WIZ6@44C08	실행20	1	ツイステッド．シルフ	트위스티드．실프
X-01105	WIZ6@44C20	실행22	1	ポイズン．ジャイアント	포이즌．자이언트
X-01106	WIZ6@44C48	실행14	1	リッチ・ロード	리치・로드
X-01107	WIZ6@44C58	실행16	1	レッサー．デビル	레서．데빌
X-01108	WIZ6@44C6C	실행22	1	デーモン．フロム．ヒル	데몬．프롬．힐
X-01109	WIZ6@44C84	실행18	1	ピット・フィーンド	핏・핀드
X-01110	WIZ6@44C98	실행18	1	ゴウザデッド．マン	고자데드．맨
X-01111	WIZ6@44CAC	실행16	1	ラム．プリースト	램．프리스트
X-01112	WIZ6@44CC0	실행28	1	ジャイアント・ロック．ヘッド	자이언트・록．헤드
X-01113	WIZ6@44CE0	실행16	1	ランブル．ロック	럼블．록
X-01114	WIZ6@44CF4	실행6	1	ラダメ	라다메
X-01115	WIZ6@44CFC	실행16	1	グランドファザー	그랜드파더
X-01116	WIZ6@44D10	실행18	1	ロード・ダイミョウ	로드・다이묘
X-01117	WIZ6@44D24	실행18	1	レッサー．デーモン	레서．데몬
X-01118	WIZ6@44D38	실행20	1	グレーター．デーモン	그레이터．데몬
X-01119	WIZ6@44D58	실행14	1	ディフェンダー	디펜더
X-01120	WIZ6@44D68	실행20	1	クリスタル・キーパー	크리스탈・키퍼
X-01121	WIZ6@44D80	실행16	1	イーリー．メイジ	일리．메이지
X-01122	WIZ6@44D94	실행20	1	マインド．フレイヤー	마인드．플레이어
X-01123	WIZ6@44DAC	실행18	1	ファイアー．フライ	파이어．플라이
X-01124	WIZ6@44DC0	실행22	1	ウィル．オー．ウィスプ	윌．오．위스프
X-01125	WIZ6@44DE4	실행18	1	フェアリー・シルフ	페어리・실프
X-01126	WIZ6@44DF8	실행20	1	フェアリー・クイーン	페어리・퀸
X-01127	WIZ6@44E10	실행24	1	ベリー．ビッグ．リザード	베리．빅．리저드
X-01128	WIZ6@44E2C	실행16	1	ティラノサウルス	티라노사우루스
X-01129	WIZ6@44E40	실행4	2	ベラ	벨라
X-01130	WIZ6@44E48	실행8	1	レベッカ	레베카
X-01131	WIZ6@44E54	실행10	1	ドラキュラ	드라큘라
X-01132	WIZ6@44E60	실행12	1	ゾーフィタス	조피터스
X-01133	WIZ6@44E70	실행10	1	グレムリン	그렘린
X-01134	WIZ6@44E7C	실행20	1	ゴブリン．プリースト	고블린．프리스트
X-01135	WIZ6@44E94	실행20	1	ゴブリン．シャーマン	고블린．샤먼
X-01136	WIZ6@44EAC	실행8	1	ゴブリン	고블린
X-01137	WIZ6@44EC4	실행10	1	アサッシン	어새신
X-01138	WIZ6@44ED8	실행8	1	ホーント	혼트
X-01139	WIZ6@44EE4	실행20	1	ローブド．フィギュア	로브드．피규어
X-01140	WIZ6@44EFC	실행6	1	リーチ	리치
X-01141	WIZ6@44F04	실행20	1	ダイショー・マスター	다이쇼・마스터
X-01142	WIZ6@44F2C	실행14	1	スネーク・マン	스네이크・맨
X-01143	WIZ6@44F3C	실행12	1	ユアン．テー	유안．티
X-01144	WIZ6@44F58	실행14	1	ドロー・エルフ	드로・엘프
X-01145	WIZ6@44F68	실행8	1	ニンジャ	닌자
X-01146	WIZ6@44F7C	실행12	1	デス・ナイト	데스・나이트
X-01147	WIZ6@44F94	실행18	1	ラム・ガーディアン	램・가디언
X-01148	WIZ6@44FA8	실행16	1	ジェイル・ラット	제일・랫
X-01149	WIZ6@44FBC	실행14	1	わざわいのおう	재앙의 왕
X-01150	WIZ6@44FCC	실행8	1	サムライ	사무라이
X-01151	WIZ6@44FE8	실행20	1	ダーク・クルセーダー	다크・크루세이더
X-01152	WIZ6@45000	실행12	1	ハイランダー	하이랜더
X-01153	WIZ6@45010	실행18	1	ハイヤト．ダイクタ	하이야트．다이크타
X-01154	WIZ6@45024	실행22	1	ブリガード・ウォルトン	브리가드・월턴
X-01155	WIZ6@4503C	실행16	1	ブラック・ナイト	블랙・나이트
X-01156	WIZ6@45050	실행22	1	ロビン．ウインドマーン	로빈．윈드마언
X-01157	WIZ6@45068	실행22	1	インセイン・スケルトン	인세인・스켈레톤
X-01158	WIZ6@45080	실행24	1	ゴーストリィー．シーハグ	고스틀리．시해그
X-01159	WIZ6@4509C	실행16	1	ディスコ・ゾンビ	디스코・좀비
X-01160	WIZ6@450B0	실행6	1	ボーク	보크
X-01161	WIZ6@450B8	실행8	1	いもむし	애벌레
X-01162	WIZ6@450C4	실행10	1	マイ．ライ	마이．라이
X-01163	WIZ6@450D0	실행24	1	アイランド・ジャイアント	아일랜드・자이언트
X-01164	WIZ6@450F4	실행18	1	ナルシス．ゴースト	나르시스．고스트
X-01165	WIZ6@45108	실행16	1	ブリズ．ゴースト	브리즈．고스트
X-01166	WIZ6@4511C	실행16	1	マロズ・ゴースト	말로즈・고스트
X-01167	WIZ6@45130	실행18	1	エイラズ．ゴースト	에일라즈．고스트
X-01168	WIZ6@45144	실행8	1	スネーク	스네이크
X-01169	WIZ6@45150	실행18	1	ポイズン．ベイパー	포이즌．베이퍼
X-01170	WIZ6@45164	실행22	1	モンストラス・スネーク	몬스트러스・스네이크
X-01171	WIZ6@4517C	실행18	1	インディゴ・バット	인디고・배트
X-01172	WIZ6@45190	실행14	1	ゾンビ．ガード	좀비．가드
X-01173	WIZ6@451A8	실행6	1	リッチ	리치
X-01174	WIZ6@451B0	실행8	1	シャドー	섀도
X-01175	WIZ6@451BC	실행10	2	スピリット	스피릿
X-01176	WIZ6@451C8	실행10	1	スペクター	스펙터
X-01177	WIZ6@451D4	실행8	2	ゴースト	고스트
X-01178	WIZ6@451E0	실행8	1	バンシー	밴시
X-01179	WIZ6@451FC	실행18	1	スケルトン．ロード	스켈레톤．로드
X-01180	WIZ6@45210	실행10	2	スケルトン	스켈레톤
X-01181	WIZ6@4522C	실행22	1	デモニック．フィギュア	데모닉．피규어
X-01182	WIZ6@45244	실행14	1	ナイトゴーント	나이트곤트
X-01183	WIZ6@45254	실행6	1	カロン	카론
X-01184	WIZ6@45264	실행20	1	サイレン．ソーサリス	사이렌．소서리스
X-01185	WIZ6@4527C	실행8	1	サイレン	사이렌
X-01186	WIZ6@45288	실행14	1	ミノ．デーモン	미노．데몬
X-01187	WIZ6@452A0	실행20	1	ウォーター．ゼラチン	워터．젤라틴
X-01188	WIZ6@452B8	실행20	1	ジェリー．フィッシュ	젤리．피시
X-01189	WIZ6@452D0	실행12	1	タランチュラ	타란툴라
X-01190	WIZ6@452E0	실행20	1	ヒュージ・スパイダー	휴지・스파이더
X-01191	WIZ6@452F8	실행24	1	ジャイアント．モスキート	자이언트．모스키토
X-01192	WIZ6@45314	실행22	1	フライング．インセクト	플라잉．인섹트
X-01193	WIZ6@4532C	실행16	1	ドラゴン・フライ	드래곤・플라이
X-01194	WIZ6@45340	실행14	1	キング・カーブ	킹・카브
X-01195	WIZ6@45350	실행20	1	ジャイアント・カーブ	자이언트・카브
X-01196	WIZ6@45370	실행20	1	ウォーター．ドラゴン	워터．드래곤
X-01197	WIZ6@45388	실행16	1	シー．サーペント	시．서펜트
X-01198	WIZ6@4539C	실행14	1	クワリ．クボナ	콰리．쿠보나
X-01199	WIZ6@453AC	실행16	1	グープ．グループ	구프．그룹
X-01200	WIZ6@453C0	실행24	1	デモニック・ヘルキャット	데모닉・헬캣
X-01201	WIZ6@453DC	실행18	1	クラウス．グリンズ	클라우스．그린즈
X-01202	WIZ6@453F0	실행18	1	フリッツ．グリンズ	프리츠．그린즈
X-01203	WIZ6@45404	실행16	1	ミスタファファス	미스타파퍼스
X-01204	WIZ6@45418	실행20	1	モンストラス．バット	몬스트러스．배트
X-01205	WIZ6@45430	실행16	1	トール．トロール	톨．트롤
X-01206	WIZ6@45444	실행10	1	スミッティ	스미티
X-01207	WIZ6@45450	실행12	1	マウムームー	마우무무
X-01208	WIZ6@45460	실행20	1	ロック・ガーディアン	록・가디언
X-01209	WIZ6@45478	실행24	1	マウンテン．ジャイアント	마운틴．자이언트
X-01210	WIZ6@45494	실행22	1	マイナー．ジャイアント	마이너．자이언트
X-01211	WIZ6@454AC	실행12	2	ジャイアント	자이언트
X-01212	WIZ6@454BC	실행18	1	ヒル・ジャイアント	힐・자이언트
X-01213	WIZ6@454D0	실행20	1	ストレンジ．フェロー	스트레인지．펠로
X-01214	WIZ6@454F8	실행18	1	メジャー・ドワーフ	메이저・드워프
X-01215	WIZ6@45518	실행18	1	マイナー・ドワーフ	마이너・드워프
X-01216	WIZ6@4552C	실행20	1	アンデッド．ファラオ	언데드．파라오
X-01217	WIZ6@45544	실행20	1	ファイヤー．ファラオ	파이어．파라오
X-01218	WIZ6@4555C	실행16	1	ラバー．ビースト	러버．비스트
X-01219	WIZ6@45570	실행20	1	ホワイト．ワイアーム	화이트．웜
X-01220	WIZ6@45588	실행24	1	ジャイアント．ワイアーム	자이언트．웜
X-01221	WIZ6@455A4	실행18	1	コールド・スライム	콜드・슬라임
X-01222	WIZ6@455B8	실행18	1	アシッド・スライム	애시드・슬라임
X-01223	WIZ6@455CC	실행10	1	ヴァスペス	바스페스
X-01224	WIZ6@455D8	실행16	1	フォーリンジャー	포린저
X-01225	WIZ6@455EC	실행20	1	ジャイアント・アント	자이언트・앤트
X-01226	WIZ6@45604	실행20	1	ジャイアント．アント	자이언트．앤트
X-01227	WIZ6@4561C	실행18	1	マン．オー．ウォー	맨．오．워
X-01228	WIZ6@45630	실행10	2	フローター	플로터
X-01229	WIZ6@4563C	실행18	1	ゼラチン・ベイパー	젤라틴・베이퍼
X-01230	WIZ6@45650	실행8	1	クラウド	클라우드
X-01231	WIZ6@4565C	실행18	1	ジェリー・クラウド	젤리・클라우드
X-01232	WIZ6@45670	실행18	1	アマズール・ゾンビ	아마줄・좀비
X-01233	WIZ6@45684	실행20	1	アマズール・クイーン	아마줄・퀸
X-01234	WIZ6@4569C	실행12	1	プリーステス	프리스티스
X-01235	WIZ6@456AC	실행12	1	シャーマネス	샤머니스
X-01236	WIZ6@456BC	실행22	1	アマズール・アーチャー	아마줄・아처
X-01237	WIZ6@456D4	실행10	1	ネイティブ	원주민
X-01238	WIZ6@456E0	실행10	1	アマズール	아마줄
X-01239	WIZ6@456EC	실행12	1	ル．モンテス	르．몽테스
X-01240	WIZ6@456FC	실행22	1	アメン．タット．バット	아멘．탓．배트
X-01241	WIZ6@4571C	실행12	1	クイークエグ	퀴퀘그
X-01242	WIZ6@4572C	실행16	1	ファット・ラット	팻・랫
X-01243	WIZ6@45740	실행20	1	キャプテン・マティー	캡틴・마티
X-01244	WIZ6@45758	실행14	1	ゾンビ．ボーン	좀비．본
X-01245	WIZ6@45768	실행22	1	ロッティング．コープス	로팅．콥스
X-01246	WIZ6@45788	실행20	1	ヒュージ．ワイアーム	휴지．웜
X-01247	WIZ6@457A0	실행18	1	ダンジョン・リーチ	던전・리치
X-01248	WIZ6@457B4	실행18	1	ハイドラ・プラント	하이드라・플랜트
X-01249	WIZ6@457C8	실행18	1	ポイズン．スライム	포이즌．슬라임
X-01250	WIZ6@457DC	실행8	1	スライム	슬라임
X-01251	WIZ6@457F8	실행18	1	ジャングル・バイン	정글・바인
X-01252	WIZ6@4580C	실행16	1	ラビッド・ラット	래비드・랫
X-01253	WIZ6@45820	실행14	1	キラー・ラット	킬러・랫
X-01254	WIZ6@45844	실행10	1	ブリガンド	브리건드
X-01255	WIZ6@45850	실행12	1	スカリーワグ	스캘러왜그
X-01256	WIZ6@45860	실행16	1	ブラック・バット	블랙・배트
X-01257	WIZ6@45874	실행22	1	スティンキングコープス	스팅킹콥스
X-01258	WIZ6@4588C	실행6	1	ゾンビ	좀비
X-01259	WIZ6@45894	실행24	1	ジャイアント．サーペント	자이언트．서펜트
X-01260	WIZ6@458B0	실행16	1	ローグ．リーダー	로그．리더
X-01261	WIZ6@458E0	실행22	1	ストレンジャー．バイン	스트레인저．바인
X-01262	WIZ6@458F8	실행20	1	ヒューミング・バイン	휴밍・바인
X-01263	WIZ6@45910	실행6	1	バイン	바인
X-01264	WIZ6@45918	실행20	1	クリーピング・バイン	크리핑・바인
X-01265	WIZ6@45930	실행18	1	バンパイア．バット	뱀파이어．배트
X-01266	WIZ6@45944	실행16	1	ヒュージ・バット	휴지・배트
X-01267	WIZ6@45958	실행6	1	バット	배트
X-01268	WIZ6@45960	실행20	1	ジャイアント・ラット	자이언트・랫
X-01269	WIZ6@45978	실행6	1	ラット	랫
X-01270	WIZ6@45990	실행10	1	デルファイ	델파이
X-01271	WIZ6@459B4	실행14	1	?? 災いの王 ??	??재앙의 왕??
X-01272	WIZ6@459C4	실행10	1	女王の幽霊	여왕의유령
X-01273	WIZ6@459D0	실행6	1	いも虫	애벌레
X-01274	WIZ6@459D8	실행10	1	マイ・ライ	마이・라이
X-01275	WIZ6@45A00	실행10	1	ミノの悪魔	미노의악마
X-01276	WIZ6@45A0C	실행14	1	クワリ　クボナ	콰리　쿠보나
X-01277	WIZ6@45A2C	실행10	1	牧師の幽霊	목사의유령
X-01278	WIZ6@45A38	실행10	1	岩の守護者	바위수호자
X-01279	WIZ6@45A44	실행14	1	*ゾーフィタス*	*조피터스*
X-01280	WIZ6@45A70	실행12	1	ル・モンテス	르・몽테스
X-01281	WIZ6@45A80	실행8	1	* ベラ *	* 벨라 *
X-01282	WIZ6@45A9C	실행12	1	マティー船長	마티 선장
X-01283	WIZ6@6CD5C	실행8	4	詞滑炎褐	
X-01284	WIZ6@6D35C	실행8	3	血滑炎褐	
X-01285	WIZ6@6D67B	실행10	3	炎活炎炎煙	
X-01286	WIZ6@7427C	실행12	4	スレイウッド	슬레이우드
X-01287	WIZ6@744CC	실행8	4	バッカス	바커스
X-01288	WIZ6@7471C	실행8	4	グレイス	그레이스
X-01289	WIZ6@7496C	실행8	5	マーチン	마틴
X-01290	WIZ6@74BBC	실행6	4	シャナ	샤나
X-01291	WIZ6@74E0C	실행6	4	パイン	파인
X-01292	WIZ6@7505C	실행10	4	ウィズナナ	위즈나나
X-01293	WIZ6@752AC	실행10	4	ジルベール	질베르
X-01294	WIZ6@754FC	실행12	4	ジャンマリー	장마리
X-01295	WIZ6@7605D	실행8	3	へんこう	변경
X-01296	WIZ6@76073	실행10	3	じょうほう	정보
X-01297	WIZARDRY@41C	실행22	1	カルマをきめてください	카르마를 정해 주세요
X-01298	WIZARDRY@434	실행26	1	Ｃボタンでカルマをけってい	Ｃ버튼으로 카르마 결정
X-01299	WIZARDRY@6C8	실행8	1	せいべつ	성별
X-01300	WIZARDRY@6D4	실행24	1	せいべつをきめてください	성별을 정해 주세요
X-01301	WIZARDRY@1AAC	실행6	1	つくる	만든다
X-01302	WIZARDRY@1AB4	실행4	1	みる	본다
X-01303	WIZARDRY@1ABC	실행4	1	けす	지움
X-01304	WIZARDRY@3404	실행18	1	　パッドのせつめい	　패드 설명
X-01305	WIZARDRY@3418	실행18	1	ゲームのはじめかた	게임 시작 방법
X-01306	WIZARDRY@4310	실행18	1	このキャラクターを	이 캐릭터를
X-01307	WIZARDRY@4324	실행12	1	けしますか？	지웁니까？
X-01308	WIZARDRY@75A4	실행18	1	このキャラクターで	이 캐릭터로
X-01309	WIZARDRY@75B8	실행16	1	よろしいですか？	괜찮습니까？
X-01310	WIZARDRY@124D8	실행16	1	インビジビリティ	인비저빌리티
X-01311	WIZARDRY@12CA8	실행16	1	マホウノクッキー	마법 쿠키
X-01312	WIZARDRY@12CD4	실행14	1	バラノハナビラ	장미 꽃잎
X-01313	WIZARDRY@12D00	실행13	1	Ｂ．Ｄ． キー	Ｂ．Ｄ． 키
X-01314	WIZARDRY@12D94	실행12	1	アラムノツエ	아람의지팡이
X-01315	WIZARDRY@12DC0	실행16	1	セイナルキノクイ	성스러운 말뚝
X-01316	WIZARDRY@12E84	실행20	1	センツキビン＋コタエ	마개병＋답
X-01317	WIZARDRY@12E9C	실행18	1	センツキビン＋メモ	마개병＋메모
X-01318	WIZARDRY@12EB0	실행12	1	メモイリビン	메모 든 병
X-01319	WIZARDRY@12EC0	실행12	1	センツキビン	마개 달린 병
X-01320	WIZARDRY@12EF8	실행23	1	エーストイグジット キー	이스트 엑시트 키
X-01321	WIZARDRY@12F1C	실행14	1	サイレンノショ	세이렌의 책
X-01322	WIZARDRY@12F48	실행14	1	モウジャノショ	망자의 책
X-01323	WIZARDRY@12F90	실행17	1	マウムームー ゾウ	마우무무 상
X-01324	WIZARDRY@12FA4	실행12	1	カラノフクロ	빈 자루
X-01325	WIZARDRY@12FD8	실행14	1	ルビーノメダマ	루비 눈알
X-01326	WIZARDRY@12FE8	실행18	1	タマシイノツノブエ	영혼의 뿔피리
X-01327	WIZARDRY@12FFC	실행20	1	マホウツカイノニッキ	마법사의 일기
X-01328	WIZARDRY@13040	실행11	1	ミラー キー	미러 키
X-01329	WIZARDRY@1304C	실행20	1	マホウツカイノユビワ	마법사의 반지
X-01330	WIZARDRY@130C4	실행14	1	オヒツジノショ	양자리의 책
X-01331	WIZARDRY@130E0	실행14	1	シンピノアブラ	신비의 기름
X-01332	WIZARDRY@130F0	실행16	1	イヌノヌイグルミ	개 인형
X-01333	WIZARDRY@13104	실행19	1	ＪＲ カイドクユビワ	ＪＲ 해독반지
X-01334	WIZARDRY@13134	실행16	1	ロープトカギズメ	로프와 갈고리
X-01335	WIZARDRY@13148	실행8	1	カギズメ	갈고리
X-01336	WIZARDRY@13154	실행14	1	シシャノニッキ	사자의 일기
X-01337	WIZARDRY@13174	실행12	1	ワインノビン	와인 병
X-01338	WIZARDRY@131C0	실행12	1	オウノニッキ	왕의 일기
X-01339	WIZARDRY@131EC	실행12	1	ヤギノカメン	산양 가면
X-01340	WIZARDRY@13278	실행20	1	ＬＴ． キュア ブック	ＬＴ． 큐어 북
X-01341	WIZARDRY@133B4	실행19	1	ミスティック ダスト	미스틱 더스트
X-01342	WIZARDRY@133C8	실행19	1	アンシャント ダスト	에인션트 더스트
X-01343	WIZARDRY@13610	실행28	1	キュア ＬＴ． コンディション	큐어 ＬＴ． 컨디션
X-01344	WIZARDRY@13864	실행12	1	シジンノショ	시인의 책
X-01345	WIZARDRY@13A1C	실행15	2	ＰＫ クリスタル	ＰＫ 크리스탈
X-01346	WIZARDRY@13A2C	실행12	1	バラノハナワ	장미 화환
X-01347	WIZARDRY@13A60	실행12	1	ヒスイノゾウ	비취 조각상
X-01348	WIZARDRY@13A98	실행14	1	ミドリノオウム	초록 앵무새
X-01349	WIZARDRY@13AB8	실행14	1	ルビーノマヨケ	루비 부적
X-01350	WIZARDRY@13AC8	실행16	1	ギンノジュウジカ	은 십자가
X-01351	WIZARDRY@13B48	실행16	1	トリコーンハット	트라이콘 햇
X-01352	WIZARDRY@13BA0	실행14	1	ガラススリッパ	유리 슬리퍼
X-01353	WIZARDRY@13BB0	실행12	1	ミズノツバサ	물의 날개
X-01354	WIZARDRY@13BE8	실행18	1	モーデカイズコーン	모데카이즈 콘
X-01355	WIZARDRY@13FC0	실행17	2	ウイザーズ コーン	위저즈 콘
X-01356	WIZARDRY@14428	실행16	1	オヒツジノダガー	양자리의 대거
X-01357	WIZARDRY@145EC	실행15	1	Ａ．Ｐ． アロー	Ａ．Ｐ． 애로
X-01358	WIZARDRY@1487C	실행10	2	クオーレル	쿼렐
X-01359	WIZARDRY@1490C	실행18	2	クオータースタッフ	쿼터스태프
X-01360	WIZARDRY@14938	실행15	2	ウオー ハンマー	워 해머
X-01361	WIZARDRY@1497C	실행15	2	ウオー セプター	워 셉터
X-01362	WIZARDRY@149B4	실행14	2	ウオーアックス	워액스
X-01363	WIZARDRY@14A80	실행8	2	ショルイ	서류
X-01364	WIZARDRY@14A8C	실행22	2	ラバー シューズ （１）	러버 슈즈 （１）
X-01365	WIZARDRY@14AA4	실행10	2	アンブレラ	우산
X-01366	WIZARDRY@14AB0	실행17	2	ナールド ホイール	널드 휠
X-01367	WIZARDRY@14AD4	실행27	2	フレックルド ホワイトボール	주근깨 흰 공
X-01368	WIZARDRY@14AF0	실행11	2	シー シェル	조개껍데기
X-01369	WIZARDRY@14AFC	실행19	2	オールドゲート キー	올드게이트 키
X-01370	WIZARDRY@14B10	실행21	2	ゴールデン メダリオン	골든 메달리온
X-01371	WIZARDRY@14B28	실행17	2	スネーク スピード	스네이크 스피드
X-01372	WIZARDRY@14B3C	실행17	2	ウオーター ダリア	워터 달리아
X-01373	WIZARDRY@14B50	실행23	2	アンブロシア オーシッド	앰브로시아 오키드
X-01374	WIZARDRY@14B68	실행16	2	プラム ＋ リオン	플럼 ＋ 리온
X-01375	WIZARDRY@14B7C	실행16	2	ローズ ＋ ミシア	로즈 ＋ 미시아
X-01376	WIZARDRY@14B90	실행22	2	オールド シティー キー	올드 시티 키
X-01377	WIZARDRY@14BA8	실행21	2	コム－リンク デバイス	컴－링크 장치
X-01378	WIZARDRY@14BC0	실행25	2	＊アストラル＊ ＊ドミナ＊	＊아스트랄＊ ＊도미나＊
X-01379	WIZARDRY@14BDC	실행21	2	ヴィッタリア デバイス	비타리아 장치
X-01380	WIZARDRY@14BF4	실행15	2	ウオーター キー	워터 키
X-01381	WIZARDRY@14C04	실행11	2	ゲート キー	게이트 키
X-01382	WIZARDRY@14C10	실행11	2	ゴロー キー	고로 키
X-01383	WIZARDRY@14C1C	실행11	2	スカル キー	스컬 키
X-01384	WIZARDRY@14C28	실행13	2	クリプト キー	크립트 키
X-01385	WIZARDRY@14C38	실행13	2	トゥーム キー	툼 키
X-01386	WIZARDRY@14C48	실행13	2	ドラゴン キー	드래곤 키
X-01387	WIZARDRY@14C58	실행17	2	トゥーム ロケット	툼 로켓
X-01388	WIZARDRY@14C6C	실행15	2	グローブ リング	글로브 링
X-01389	WIZARDRY@14C7C	실행17	2	ヘラゾイド バナー	헬라조이드 깃발
X-01390	WIZARDRY@14C90	실행11	2	ライト キー	라이트 키
X-01391	WIZARDRY@14C9C	실행15	2	ストレージ キー	스토리지 키
X-01392	WIZARDRY@14CAC	실행17	2	クレジット カード	크레딧 카드
X-01393	WIZARDRY@14CC0	실행17	2	サーペント コイル	서펜트 코일
X-01394	WIZARDRY@14CD4	실행16	2	ザ サン ジュエル	더 선 주얼
X-01395	WIZARDRY@14CE8	실행19	2	イモータルズ ブック	이모탈즈 북
X-01396	WIZARDRY@14CFC	실행15	2	ゲート ストーン	게이트 스톤
X-01397	WIZARDRY@14D0C	실행16	2	ディアム ノ ハイ	디암의 재
X-01398	WIZARDRY@14D20	실행17	2	デーモンズ リング	데몬즈 링
X-01399	WIZARDRY@14D34	실행24	2	デーモンスポーン ノ ツノ	데몬스폰의 뿔
X-01400	WIZARDRY@14D50	실행17	2	アセンシャン キー	어센션 키
X-01401	WIZARDRY@14D64	실행13	2	コファー キー	코퍼 키
X-01402	WIZARDRY@14D74	실행13	2	ストーン キー	스톤 키
X-01403	WIZARDRY@14D84	실행13	2	ビースト キー	비스트 키
X-01404	WIZARDRY@14D94	실행19	2	ゴールデン アイドル	골든 아이돌
X-01405	WIZARDRY@14DA8	실행17	2	ジョンガ パウダー	종가 파우더
X-01406	WIZARDRY@14DBC	실행22	2	ヤモ ノ トクベツニンム	야모의 특별 임무
X-01407	WIZARDRY@14DD4	실행28	2	Ｉ．Ｕ．Ｆ． ＃６ シレイショ	Ｉ．Ｕ．Ｆ． ＃６ 지령서
X-01408	WIZARDRY@14DF4	실행28	2	Ｉ．Ｕ．Ｆ． ＃５ シレイショ	Ｉ．Ｕ．Ｆ． ＃５ 지령서
X-01409	WIZARDRY@14E14	실행28	2	Ｉ．Ｕ．Ｆ． ＃４ シレイショ	Ｉ．Ｕ．Ｆ． ＃４ 지령서
X-01410	WIZARDRY@14E34	실행28	2	Ｉ．Ｕ．Ｆ． ＃３ シレイショ	Ｉ．Ｕ．Ｆ． ＃３ 지령서
X-01411	WIZARDRY@14E54	실행28	2	Ｉ．Ｕ．Ｆ． ＃２ シレイショ	Ｉ．Ｕ．Ｆ． ＃２ 지령서
X-01412	WIZARDRY@14E74	실행28	2	Ｉ．Ｕ．Ｆ． ＃１ シレイショ	Ｉ．Ｕ．Ｆ． ＃１ 지령서
X-01413	WIZARDRY@14E94	실행13	2	ハンパ カード	조각 카드
X-01414	WIZARDRY@14EA4	실행23	2	プラクティス ターゲット	연습용 표적
X-01415	WIZARDRY@14EBC	실행25	2	ウイカムズ パワーグローブ	위컴즈 파워글러브
X-01416	WIZARDRY@14ED8	실행19	2	ホーリー カバナント	홀리 커버넌트
X-01417	WIZARDRY@14EEC	실행13	2	テンプル キー	템플 키
X-01418	WIZARDRY@14EFC	실행13	2	オニクス キー	오닉스 키
X-01419	WIZARDRY@14F0C	실행17	2	グッドキープ キー	굿킵 키
X-01420	WIZARDRY@14F20	실행11	2	ムンク キー	문크 키
X-01421	WIZARDRY@14F2C	실행11	2	サビタ カギ	녹슨 열쇠
X-01422	WIZARDRY@14F38	실행17	2	ノッチド シャフト	노치드 샤프트
X-01423	WIZARDRY@14F4C	실행13	2	ブルー ミシア	블루 미시아
X-01424	WIZARDRY@14F5C	실행15	2	イエロー リオン	옐로 리온
X-01425	WIZARDRY@14F6C	실행15	2	ホワイト ダリア	화이트 달리아
X-01426	WIZARDRY@14F7C	실행15	2	パープル プラム	퍼플 플럼
X-01427	WIZARDRY@14F8C	실행13	2	レッド ローズ	레드 로즈
X-01428	WIZARDRY@14F9C	실행23	2	マジェスティック ワンド	머제스틱 원드
X-01429	WIZARDRY@14FB4	실행27	2	エリシアド ディバイナティー	엘리시아드 디비니티
X-01430	WIZARDRY@14FD0	실행15	2	ゴールデン アイ	골든 아이
X-01431	WIZARDRY@14FE0	실행17	2	ゴールデン ノーズ	골든 노즈
X-01432	WIZARDRY@14FF4	실행17	2	ゴールデン イアー	골든 이어
X-01433	WIZARDRY@15008	실행19	2	ゴールデン ティース	골든 티스
X-01434	WIZARDRY@1501C	실행23	2	ネクロマティック ヘルム	네크로매틱 헬름
X-01435	WIZARDRY@15034	실행20	2	ツタ １０００ ＦＴ．	덩굴 １０００ ＦＴ．
X-01436	WIZARDRY@1504C	실행18	2	ツタ ７５０ ＦＴ．	덩굴 ７５０ ＦＴ．
X-01437	WIZARDRY@15060	실행18	2	ツタ ５００ ＦＴ．	덩굴 ５００ ＦＴ．
X-01438	WIZARDRY@15074	실행18	2	ツタ ２５０ ＦＴ．	덩굴 ２５０ ＦＴ．
X-01439	WIZARDRY@15088	실행14	2	ロープ ＋ バー	로프 ＋ 바
X-01440	WIZARDRY@15098	실행15	2	ブラック ボール	블랙 볼
X-01441	WIZARDRY@150A8	실행19	2	ペインテッド ボール	페인티드 볼
X-01442	WIZARDRY@150BC	실행17	2	スプール ハンドル	스풀 핸들
X-01443	WIZARDRY@150D0	실행19	2	ターニッシュド キー	녹슨 열쇠
X-01444	WIZARDRY@150E4	실행12	2	ラバーバンド	고무 밴드
X-01445	WIZARDRY@150F4	실행14	2	ロードストーン	천연 자석
X-01446	WIZARDRY@15104	실행19	2	ブラック ピラミッド	블랙 피라미드
X-01447	WIZARDRY@15118	실행15	1	ウッド ヂュエル	우드 주얼
X-01448	WIZARDRY@15128	실행21	2	リフレクション リング	리플렉션 링
X-01449	WIZARDRY@15140	실행17	2	フェザー ウエイト	페더 웨이트
X-01450	WIZARDRY@15154	실행17	2	シグニット リング	시그닛 링
X-01451	WIZARDRY@15168	실행11	2	ブラス キー	브라스 키
X-01452	WIZARDRY@15174	실행20	2	レッド ラバー ボール	레드 러버 볼
X-01453	WIZARDRY@1518C	실행14	2	ＴＸ－コーダー	ＴＸ－코더
X-01454	WIZARDRY@1519C	실행25	2	ティーラング ポートブック	틸랑 포트북
X-01455	WIZARDRY@151B8	실행13	2	ユムーズ ポー	유무즈 포
X-01456	WIZARDRY@151C8	실행14	2	ミステリーレイ	미스터리 레이
X-01457	WIZARDRY@151D8	실행21	2	サーマル パイナップル	서멀 파인애플
X-01458	WIZARDRY@151F0	실행21	2	クロッシング クラクス	크로싱 크락스
X-01459	WIZARDRY@15208	실행17	2	タイナム エミット	타이넘 에밋
X-01460	WIZARDRY@1521C	실행21	2	ロングステム スペード	롱스템 스페이드
X-01461	WIZARDRY@15234	실행17	2	フィンガー ロッド	핑거 로드
X-01462	WIZARDRY@15248	실행18	2	ジーン ゼン ノート	진 젠 노트
X-01463	WIZARDRY@1525C	실행19	2	ケーブル トローリー	케이블 트롤리
X-01464	WIZARDRY@15270	실행22	2	パイプ ＋ パスティール	파이프 ＋ 파스틸
X-01465	WIZARDRY@15288	실행25	2	ミステリアス パスティール	미스테리어스 파스틸
X-01466	WIZARDRY@152A4	실행19	2	スモーキング パイプ	스모킹 파이프
X-01467	WIZARDRY@152B8	실행14	2	ムーンストーン	문스톤
X-01468	WIZARDRY@152C8	실행17	2	エメラルド コイン	에메랄드 코인
X-01469	WIZARDRY@152DC	실행13	2	ルビー コイン	루비 코인
X-01470	WIZARDRY@152EC	실행15	2	アンバー コイン	앰버 코인
X-01471	WIZARDRY@152FC	실행19	2	ダイアモンド コイン	다이아몬드 코인
X-01472	WIZARDRY@15310	실행15	2	カップ ビーンズ	컵 빈즈
X-01473	WIZARDRY@15320	실행15	2	ソード ビーンズ	소드 빈즈
X-01474	WIZARDRY@15330	실행15	2	ワンド ビーンズ	원드 빈즈
X-01475	WIZARDRY@15340	실행21	2	ペンタクルス ビーンズ	펜타클스 빈즈
X-01476	WIZARDRY@15358	실행15	2	ウエル コインズ	웰 코인즈
X-01477	WIZARDRY@15368	실행17	2	ムンク インナ－ズ	문크 내장
X-01478	WIZARDRY@1537C	실행23	2	ソルテッド ムンクミート	소금 절인 문크고기
X-01479	WIZARDRY@15394	실행12	2	パワージェム	파워젬
X-01480	WIZARDRY@153A4	실행29	2	ミガカレタ スティールプレート	잘 닦인 스틸 플레이트
X-01481	WIZARDRY@153C4	실행14	2	クシ ト ブラシ	빗과 브러시
X-01482	WIZARDRY@153D4	실행15	2	ボンサイ ツリー	분재 나무
X-01483	WIZARDRY@153E4	실행28	2	ムラカトス ノ サイゴノコトバ	무라카토스의 유언
X-01484	WIZARDRY@15404	실행21	2	スティール キーリング	스틸 키링
X-01485	WIZARDRY@1541C	실행13	2	アジュア キー	아주어 키
X-01486	WIZARDRY@1542C	실행13	2	クラウン キー	크라운 키
X-01487	WIZARDRY@1543C	실행15	2	アーマリー キー	아머리 키
X-01488	WIZARDRY@1544C	실행20	2	ゴーンキング ノ カギ	곤킹의 열쇠
X-01489	WIZARDRY@15464	실행19	2	コントロール カード	컨트롤 카드
X-01490	WIZARDRY@15478	실행17	2	フェイブル ブック	페이블 북
X-01491	WIZARDRY@1548C	실행19	2	オールドシティ キー	올드시티 키
X-01492	WIZARDRY@154A0	실행19	2	デッドマンズ ヘアー	데드맨즈 헤어
X-01493	WIZARDRY@154B4	실행13	2	レバス エッグ	레버스 에그
X-01494	WIZARDRY@154C4	실행15	2	カッパー ペニー	코퍼 페니
X-01495	WIZARDRY@154D4	실행15	2	ピューター キー	퓨터 키
X-01496	WIZARDRY@154E4	실행22	2	ボエリガード ノ テガミ	보에리가드의 편지
X-01497	WIZARDRY@154FC	실행13	2	プリズン キー	프리즌 키
X-01498	WIZARDRY@1550C	실행17	2	ブラック ウエハー	블랙 웨이퍼
X-01499	WIZARDRY@15520	실행13	2	スカル ボーン	스컬 본
X-01500	WIZARDRY@15530	실행8	2	ブンショ	문서
X-01501	WIZARDRY@1553C	실행9	2	イン キー	인 키
X-01502	WIZARDRY@15548	실행20	2	ケーン オブ コープス	케인 오브 콥스
X-01503	WIZARDRY@15560	실행13	2	ノック ピック	노크 픽
X-01504	WIZARDRY@15570	실행19	2	ゴートフート ブーツ	고트풋 부츠
X-01505	WIZARDRY@15584	실행21	2	フライマンズ キャップ	플라이맨즈 캡
X-01506	WIZARDRY@1559C	실행19	2	フィルサーズ バンド	필서즈 밴드
X-01507	WIZARDRY@155B0	실행15	2	レリック ブック	렐릭 북
X-01508	WIZARDRY@155C0	실행12	2	マップキット	맵키트
X-01509	WIZARDRY@155D0	실행10	2	＊フール＊	＊풀＊
X-01510	WIZARDRY@155DC	실행12	2	＊グローブ＊	＊글로브＊
X-01511	WIZARDRY@155EC	실행10	2	＊スター＊	＊스타＊
X-01512	WIZARDRY@155F8	실행14	2	＊クリスタル＊	＊크리스탈＊
X-01513	WIZARDRY@15608	실행14	2	＊レジェンド＊	＊레전드＊
X-01514	WIZARDRY@15618	실행12	2	＊クリプト＊	＊크립트＊
X-01515	WIZARDRY@15628	실행16	2	＊スフィンクス＊	＊스핑크스＊
X-01516	WIZARDRY@1563C	실행12	2	＊ドラゴン＊	＊드래곤＊
X-01517	WIZARDRY@1564C	실행14	2	＊サーペント＊	＊서펜트＊
X-01518	WIZARDRY@1565C	실행10	2	＊ボート＊	＊보트＊
X-01519	WIZARDRY@15668	실행12	2	＊テンプル＊	＊템플＊
X-01520	WIZARDRY@15678	실행20	2	ガサマ ガウン （Ｌ）	가사마 가운 （Ｌ）
X-01521	WIZARDRY@15690	실행20	2	ガサマ ガウン （Ｕ）	가사마 가운 （Ｕ）
X-01522	WIZARDRY@156A8	실행21	2	フェアリー スティック	페어리 스틱
X-01523	WIZARDRY@156C0	실행19	2	マグマナシア ミルク	마그마나시아 밀크
X-01524	WIZARDRY@156D4	실행23	2	オールドジェイク ボトル	올드제이크 보틀
X-01525	WIZARDRY@156EC	실행24	2	モーザーズ モジョ ティー	모저즈 모조 티
X-01526	WIZARDRY@15708	실행6	2	バナナ	바나나
X-01527	WIZARDRY@15710	실행19	2	ゴールデン アップル	골든 애플
X-01528	WIZARDRY@15724	실행17	2	ブレッド ロールズ	브레드 롤즈
X-01529	WIZARDRY@15738	실행19	2	ダンゴアーズ エール	단고어즈 에일
X-01530	WIZARDRY@1574C	실행21	2	クラッシュ ウインドウ	크러시 윈도
X-01531	WIZARDRY@15764	실행13	2	ボーン ダスト	본 더스트
X-01532	WIZARDRY@15774	실행15	2	スネーク ダスト	스네이크 더스트
X-01533	WIZARDRY@15784	실행19	2	フラッシュ パウダー	플래시 파우더
X-01534	WIZARDRY@15798	실행17	2	スニーズ パウダー	스니즈 파우더
X-01535	WIZARDRY@157AC	실행17	2	フェアリー ダスト	페어리 더스트
X-01536	WIZARDRY@157C0	실행23	2	クリエイション パウダー	크리에이션 파우더
X-01537	WIZARDRY@157D8	실행16	2	タマリスＴＡＬＣ	타마리스ＴＡＬＣ
X-01538	WIZARDRY@157EC	실행19	2	スケルトン パウダー	스켈레톤 파우더
X-01539	WIZARDRY@15800	실행21	2	アイスウォール ブック	아이스월 북
X-01540	WIZARDRY@15818	실행17	2	バニシング ブック	배니싱 북
X-01541	WIZARDRY@1582C	실행21	2	アンヘクシング ブック	언헥싱 북
X-01542	WIZARDRY@15844	실행17	2	シーイング ブック	시잉 북
X-01543	WIZARDRY@15858	실행25	2	ファイアーウォール ブック	파이어월 북
X-01544	WIZARDRY@15874	실행15	2	チャーム ブック	참 북
X-01545	WIZARDRY@15884	실행17	2	ブレシング ブック	블레싱 북
X-01546	WIZARDRY@15898	실행19	2	ウオッチベル ブック	워치벨 북
X-01547	WIZARDRY@158AC	실행15	2	ヘースト ブック	헤이스트 북
X-01548	WIZARDRY@158BC	실행15	2	バリアー ブック	배리어 북
X-01549	WIZARDRY@158CC	실행19	2	レスティング ブック	레스팅 북
X-01550	WIZARDRY@158E0	실행21	2	シールディング ブック	실딩 북
X-01551	WIZARDRY@158F8	실행17	2	ロケート パーソン	로케이트 퍼슨
X-01552	WIZARDRY@1590C	실행21	2	ロケート オブジェクト	로케이트 오브젝트
X-01553	WIZARDRY@15924	실행11	2	ヒール フル	힐 풀
X-01554	WIZARDRY@15930	실행11	2	レスト フル	레스트 풀
X-01555	WIZARDRY@1593C	실행15	2	リムーブ カース	리무브 커스
X-01556	WIZARDRY@1594C	실행15	2	ウィザード アイ	위저드 아이
X-01557	WIZARDRY@1595C	실행17	2	ザップ アンデッド	잽 언데드
X-01558	WIZARDRY@15970	실행8	2	ヘースト	헤이스트
X-01559	WIZARDRY@1597C	실행19	2	ミサイル プロテクト	미사일 프로텍트
X-01560	WIZARDRY@15990	실행19	2	ホイッピング ロック	위핑 록
X-01561	WIZARDRY@159A4	실행19	2	マジック スクリーン	매직 스크린
X-01562	WIZARDRY@159B8	실행23	2	インビジブル ポーション	인비저블 포션
X-01563	WIZARDRY@159D0	실행19	2	ホーリー ウオーター	홀리 워터
X-01564	WIZARDRY@159E4	실행15	2	スティンク ボム	스팅크 봄
X-01565	WIZARDRY@159F4	실행17	2	キュア ディジーズ	큐어 디지즈
X-01566	WIZARDRY@15A08	실행19	1	キュア ＬＴ．ＣＮＤ	큐어 ＬＴ．ＣＮＤ
X-01567	WIZARDRY@15A1C	실행22	2	イル レピュート カスク	일 레퓨트 캐스크
X-01568	WIZARDRY@15A34	실행19	2	ＡＭＵ． レインボウ	ＡＭＵ． 레인보우
X-01569	WIZARDRY@15A48	실행24	2	ＡＭＵ． ＰＲＯ マジック	ＡＭＵ． ＰＲＯ 매직
X-01570	WIZARDRY@15A64	실행29	2	ＡＭＵ． アスフィジエイシャン	ＡＭＵ． 애스픽시에이션
X-01571	WIZARDRY@15A84	실행19	2	ロケット スティック	로켓 스틱
X-01572	WIZARDRY@15A98	실행19	2	ファイア スティック	파이어 스틱
X-01573	WIZARDRY@15AAC	실행21	2	クラッカー スティック	크래커 스틱
X-01574	WIZARDRY@15AC4	실행21	2	アイシクル スティック	아이시클 스틱
X-01575	WIZARDRY@15ADC	실행19	2	スパーク スティック	스파크 스틱
X-01576	WIZARDRY@15AF0	실행15	2	トリック バッグ	트릭 백
X-01577	WIZARDRY@15B00	실행11	2	デス バッグ	데스 백
X-01578	WIZARDRY@15B0C	실행15	2	ウインド ワンド	윈드 원드
X-01579	WIZARDRY@15B1C	실행15	2	パンドラ ワンド	판도라 원드
X-01580	WIZARDRY@15B2C	실행16	2	ウインターワンド	윈터 원드
X-01581	WIZARDRY@15B40	실행26	2	ステイブ ＰＲＯ アンデッド	스테이브 ＰＲＯ 언데드
X-01582	WIZARDRY@15B5C	실행25	2	ハウンティング スティック	헌팅 스틱
X-01583	WIZARDRY@15B78	실행26	2	スタッフ ＰＲＯ パラライズ	스태프 ＰＲＯ 패럴라이즈
X-01584	WIZARDRY@15B94	실행19	2	サイレンス スタッフ	사일런스 스태프
X-01585	WIZARDRY@15BA8	실행19	2	ブレシング スタッフ	블레싱 스태프
X-01586	WIZARDRY@15BBC	실행21	2	チャーミング スタッフ	차밍 스태프
X-01587	WIZARDRY@15BD4	실행21	2	ニューライフ ストーン	뉴라이프 스톤
X-01588	WIZARDRY@15BEC	실행22	2	ストーン ＰＲＯ エアー	스톤 ＰＲＯ 에어
X-01589	WIZARDRY@15C04	실행13	2	マナ ストーン	마나 스톤
X-01590	WIZARDRY@15C14	실행21	2	プロテクション クロス	프로텍션 크로스
X-01591	WIZARDRY@15C2C	실행17	2	ターニング クロス	터닝 크로스
X-01592	WIZARDRY@15C40	실행17	2	ヒーリング アンク	힐링 앙크
X-01593	WIZARDRY@15C54	실행23	2	デクスタリティー アンク	덱스터리티 앙크
X-01594	WIZARDRY@15C6C	실행23	2	ＡＭＵ． イリュージョン	ＡＭＵ． 일루전
X-01595	WIZARDRY@15C84	실행21	2	ＡＭＵ． スティルネス	ＡＭＵ． 스틸니스
X-01596	WIZARDRY@15C9C	실행19	2	ＡＭＵ． スパイダー	ＡＭＵ． 스파이더
X-01597	WIZARDRY@15CB0	실행17	2	バット ネックレス	배트 넥클리스
X-01598	WIZARDRY@15CC4	실행22	2	リング ＰＲＯ マジック	링 ＰＲＯ 매직
X-01599	WIZARDRY@15CDC	실행22	2	リング ＰＲＯ フロスト	링 ＰＲＯ 프로스트
X-01600	WIZARDRY@15CF4	실행19	2	ミスティック リング	미스틱 링
X-01601	WIZARDRY@15D08	실행21	2	シールディング リング	실딩 링
X-01602	WIZARDRY@15D20	실행23	2	リサウンディング リング	리사운딩 링
X-01603	WIZARDRY@15D38	실행17	2	トゥルース リング	트루스 링
X-01604	WIZARDRY@15D4C	실행17	2	ショット パウダー	샷 파우더
X-01605	WIZARDRY@15D60	실행15	2	ブランダー バス	블런더버스
X-01606	WIZARDRY@15D70	실행10	2	マスケット	머스킷
X-01607	WIZARDRY@15D7C	실행17	2	ガーランド ローブ	갈랜드 로브
X-01608	WIZARDRY@15D90	실행23	2	ＣＯＢ． パワーグローブ	ＣＯＢ． 파워글러브
X-01609	WIZARDRY@15DA8	실행12	2	パワーパック	파워팩
X-01610	WIZARDRY@15DB8	실행23	2	フロンティア フェーザー	프론티어 페이저
X-01611	WIZARDRY@15DD0	실행16	2	＊ライトソード＊	＊라이트소드＊
X-01612	WIZARDRY@15DE4	실행18	2	＊ライトシールド＊	＊라이트실드＊
X-01613	WIZARDRY@15DF8	실행17	2	メディシン バッグ	메디슨 백
X-01614	WIZARDRY@15E0C	실행25	2	ヴィトリアリック ワーダー	비트리어릭 워더
X-01615	WIZARDRY@15E28	실행21	2	ヘラゾイド ペンダント	헬라조이드 펜던트
X-01616	WIZARDRY@15E40	실행25	2	５フラワー ブラックベルト	５플라워 블랙벨트
X-01617	WIZARDRY@15E5C	실행21	2	ラバー ホワイトベアー	러버 화이트베어
X-01618	WIZARDRY@15E74	실행21	2	ジュエルド クッション	주얼드 쿠션
X-01619	WIZARDRY@15E8C	실행23	2	バレンタイン ネックレス	발렌타인 넥클리스
X-01620	WIZARDRY@15EA4	실행15	2	シルバー クロス	실버 크로스
X-01621	WIZARDRY@15EB4	실행15	2	スターズ リング	스타즈 링
X-01622	WIZARDRY@15EC4	실행19	1	ＡＭＵ． ヒーリング	ＡＭＵ． 힐링
X-01623	WIZARDRY@15ED8	실행25	1	インビジビリティー リング	인비저빌리티 링
X-01624	WIZARDRY@15EF4	실행21	2	エメラルド タリスマン	에메랄드 탈리스만
X-01625	WIZARDRY@15F0C	실행29	2	ディバインメイル ガウン（Ｌ）	디바인메일 가운（Ｌ）
X-01626	WIZARDRY@15F2C	실행29	2	ディバインメイル ガウン（Ｕ）	디바인메일 가운（Ｕ）
X-01627	WIZARDRY@15F4C	실행25	2	ディバインメイル コイフＬ	디바인메일 코이프Ｌ
X-01628	WIZARDRY@15F68	실행19	2	クルセーダー ヘルム	크루세이더 헬름
X-01629	WIZARDRY@15F7C	실행19	2	ドラゴンズ ティース	드래곤즈 티스
X-01630	WIZARDRY@15F90	실행19	2	ジュ－ジュ ストーン	주－주 스톤
X-01631	WIZARDRY@15FA4	실행17	2	ライオンズ クロウ	라이온즈 클로
X-01632	WIZARDRY@15FB8	실행13	2	マンタ ルート	만타 루트
X-01633	WIZARDRY@15FC8	실행21	2	アロマティック ソルト	아로마틱 솔트
X-01634	WIZARDRY@15FE0	실행23	2	ブリムストーン ナゲット	브림스톤 너겟
X-01635	WIZARDRY@15FF8	실행17	2	ロック クリスタル	록 크리스탈
X-01636	WIZARDRY@1600C	실행27	2	スタッド－カー スカート＋２	스터드－카 스커트＋２
X-01637	WIZARDRY@16028	실행19	2	フラック ジャケット	플랙 재킷
X-01638	WIZARDRY@1603C	실행15	2	フラック ベスト	플랙 베스트
X-01639	WIZARDRY@1604C	실행27	2	ＩＵＦＳＴＦＴＵＦＳ バッジ	ＩＵＦＳＴＦＴＵＦＳ 배지
X-01640	WIZARDRY@16068	실행27	2	ＩＵＦＳＴＦＮＥＰＳ バッジ	ＩＵＦＳＴＦＮＥＰＳ 배지
X-01641	WIZARDRY@16084	실행26	2	デス ブラック ガウン（Ｌ）	데스 블랙 가운（Ｌ）
X-01642	WIZARDRY@160A0	실행26	2	デス ブラック ガウン（Ｕ）	데스 블랙 가운（Ｕ）
X-01643	WIZARDRY@160BC	실행25	2	エンチャント ローブ（Ｌ）	인챈트 로브（Ｌ）
X-01644	WIZARDRY@160D8	실행25	2	エンチャント ローブ（Ｕ）	인챈트 로브（Ｕ）
X-01645	WIZARDRY@160F4	실행17	2	ドゥーム スタッフ	둠 스태프
X-01646	WIZARDRY@16108	실행21	2	フォーチュン クローク	포춘 클로크
X-01647	WIZARDRY@16120	실행26	2	プレート メイル＋３ （Ｌ）	플레이트 메일＋３ （Ｌ）
X-01648	WIZARDRY@1613C	실행26	2	プレート メイル＋３ （Ｕ）	플레이트 메일＋３ （Ｕ）
X-01649	WIZARDRY@16158	실행21	2	マグネティック ブーツ	마그네틱 부츠
X-01650	WIZARDRY@16170	실행17	2	ワイルス キャップ	와일스 캡
X-01651	WIZARDRY@16184	실행26	2	プレート メイル＋２ （Ｌ）	플레이트 메일＋２ （Ｌ）
X-01652	WIZARDRY@161A0	실행26	2	プレート メイル＋２ （Ｕ）	플레이트 메일＋２ （Ｕ）
X-01653	WIZARDRY@161BC	실행10	2	デスメイル	데스메일
X-01654	WIZARDRY@161C8	실행26	2	チェイン メイル＋１ （Ｌ）	체인 메일＋１ （Ｌ）
X-01655	WIZARDRY@161E4	실행26	2	チェイン メイル＋１ （Ｕ）	체인 메일＋１ （Ｕ）
X-01656	WIZARDRY@16200	실행19	2	ソーリング シールド	소링 실드
X-01657	WIZARDRY@16214	실행15	2	シルク グローブ	실크 글러브
X-01658	WIZARDRY@16224	실행23	2	オリーブスキン レギング	올리브스킨 레깅
X-01659	WIZARDRY@1623C	실행23	2	ディフェンス ブレーサー	디펜스 브레이서
X-01660	WIZARDRY@16254	실행15	2	ドウマル （Ｌ）	도마루 （Ｌ）
X-01661	WIZARDRY@16264	실행15	2	ドウマル （Ｕ）	도마루 （Ｕ）
X-01662	WIZARDRY@16274	실행18	2	ローブ （Ｌ） ＋１	로브 （Ｌ） ＋１
X-01663	WIZARDRY@16288	실행18	2	ローブ （Ｕ） ＋１	로브 （Ｕ） ＋１
X-01664	WIZARDRY@1629C	실행15	2	デス シュラウド	데스 슈라우드
X-01665	WIZARDRY@162AC	실행22	2	プレート メイル （Ｌ）	플레이트 메일 （Ｌ）
X-01666	WIZARDRY@162C4	실행25	2	オリーブスキン ダブレット	올리브스킨 더블릿
X-01667	WIZARDRY@162E0	실행15	2	ショック ロッド	쇼크 로드
X-01668	WIZARDRY@162F0	실행13	2	スタン ロッド	스턴 로드
X-01669	WIZARDRY@16300	실행11	2	デス スター	데스 스타
X-01670	WIZARDRY@1630C	실행21	2	１２スターズ スタッフ	１２스타즈 스태프
X-01671	WIZARDRY@16324	실행17	2	４ウインズ ソード	４윈즈 소드
X-01672	WIZARDRY@16338	실행19	2	デーモンズ トゥーム	데몬즈 툼
X-01673	WIZARDRY@1634C	실행19	2	メデューサ ストーン	메두사 스톤
X-01674	WIZARDRY@16360	실행17	2	サイレント ライア	사일런트 라이어
X-01675	WIZARDRY@16374	실행23	2	メニールーンズ アックス	메니룬즈 액스
X-01676	WIZARDRY@1638C	실행19	2	サイレンズ ウエイル	사이렌즈 웨일
X-01677	WIZARDRY@163A0	실행19	2	ハンター クオーレル	헌터 쿼렐
X-01678	WIZARDRY@163B4	실행17	2	アーマー ピーサー	아머 피서
X-01679	WIZARDRY@163C8	실행21	2	エンチャンテッド ボウ	인챈티드 보우
X-01680	WIZARDRY@163E0	실행15	2	タ・リ ストーン	타・리 스톤
X-01681	WIZARDRY@163F0	실행21	2	インパリング ストーン	임페일링 스톤
X-01682	WIZARDRY@16408	실행15	2	ドゥーム パイプ	둠 파이프
X-01683	WIZARDRY@16418	실행15	2	スロウ リュート	슬로 류트
X-01684	WIZARDRY@16428	실행31	2	クルセーダーズ ２Ｈアックス＋１	크루세이더즈 ２Ｈ액스＋１
X-01685	WIZARDRY@16448	실행15	2	ポイズン ダート	포이즌 다트
X-01686	WIZARDRY@16458	실행17	2	ボーパル ブレード	보팔 블레이드
X-01687	WIZARDRY@1646C	실행19	2	ブロードソード ＋１	브로드소드 ＋１
X-01688	WIZARDRY@16480	실행10	2	スピア＋２	스피어＋２
X-01689	WIZARDRY@1648C	실행15	2	ポイズン ダガー	포이즌 대거
X-01690	WIZARDRY@1649C	실행17	2	シュライク アロー	슈라이크 애로
X-01691	WIZARDRY@164B0	실행17	2	スパイク ストーン	스파이크 스톤
X-01692	WIZARDRY@164C4	실행17	2	ポエッツ リュート	포엣츠 류트
X-01693	WIZARDRY@164D8	실행21	2	クロマティック ライア	크로마틱 라이어
X-01694	WIZARDRY@164F0	실행15	2	ワーリ ブレード	월리 블레이드
X-01695	WIZARDRY@16500	실행15	2	ウイロー アロー	윌로 애로
X-01696	WIZARDRY@16510	실행15	2	フェザー ダーツ	페더 다트
X-01697	WIZARDRY@16520	실행13	2	バイト ダガー	바이트 대거
X-01698	WIZARDRY@16530	실행11	2	サビタ ケン	녹슨 검
X-01699	WIZARDRY@1653C	실행12	2	ベースロード	베이스로드
X-01700	WIZARDRY@1CE34	실행28	1	「つくる」をえらんでください	「만든다」를 골라 주세요
X-01701	WIZARDRY@1CE54	실행28	1	「キャラクターをつくる」から	「캐릭터를 만든다」에서
X-01702	WIZARDRY@1CF7C	실행30	1	キャラクターになまえをつけます	캐릭터에 이름을 붙입니다
X-01703	WIZARDRY@1D148	실행30	1	しょくぎょうをえらんでください	직업을 골라 주세요
X-01704	WIZARDRY@1D168	실행32	1	キャラクターにしゅぞく、せいべつ	캐릭터의 종족、 성별、
X-01705	WIZARDRY@1D418	실행8	1	できます	있습니다
X-01706	WIZARDRY@1D424	실행32	1	すきなこうもくにふりわけることが	원하는 항목에 배분할 수
X-01707	WIZARDRY@1D448	실행32	1	いされますが、ボーナスポイントは	되지만、 보너스 포인트는
X-01708	WIZARDRY@1D46C	실행32	1	きほんのうりょくはじどうでけって	기본 능력치는 자동으로 결정
X-01709	WIZARDRY@1D490	실행28	1	のうりょくちをけっていします	능력치를 결정합니다
X-01710	WIZARDRY@1D4B0	실행20	1	へんこうしてください	변경해 주세요
X-01711	WIZARDRY@1D4C8	실행24	1	さゆうで、のうりょくちを	좌우로 능력치를
X-01712	WIZARDRY@1D4E4	실행20	1	こうもくをせんたくし	항목을 선택하고
X-01713	WIZARDRY@1D4FC	실행26	1	ほうこうボタンのじょうげで	방향 버튼 상하로
X-01714	WIZARDRY@1D6A4	실행30	1	キャラクターのかおをえらびます	캐릭터의 얼굴을 고릅니다
X-01715	WIZARDRY@1D7B4	실행4	1	ます	니다
X-01716	WIZARDRY@1D7BC	실행32	1	なこうもくにふりわけることができ	하는 항목에 배분할 수 있습
X-01717	WIZARDRY@1D7E0	실행32	1	れますが、ボーナスポイントはすき	되지만、 보너스 포인트는 원
X-01718	WIZARDRY@1D804	실행32	1	きほんスキルはじどうでけっていさ	기본 스킬은 자동으로 결정
X-01719	WIZARDRY@1D828	실행30	1	それぞれに、ふりわけてください	각각 배분해 주세요
X-01720	WIZARDRY@1D848	실행26	1	スキルのボーナスポイントを	스킬 보너스 포인트를
X-01721	WIZARDRY@1D864	실행20	1	がくじゅつかんれんの	학술 관련의
X-01722	WIZARDRY@1D87C	실행32	1	ぶきかんれん、うんどうかんれん、	무기 관련、 운동 관련、
X-01723	WIZARDRY@1DA88	실행30	1	このがめんはひょうじされません	이 화면은 표시되지 않습니다
X-01724	WIZARDRY@1DAA8	실행32	1	つかえないキャラクターのばあいは	쓸 수 없는 캐릭터의 경우에는
X-01725	WIZARDRY@1DACC	실행32	1	や、まだレベルがひくくじゅもんが	이나、 아직 레벨이 낮아 주문을
X-01726	WIZARDRY@1DAF0	실행32	1	じゅもんのつかえないしょくぎょう	주문을 못 쓰는 직업
X-01727	WIZARDRY@1DB14	실행30	1	じゅもんを２つえらんでください	주문을 ２개 골라 주세요
X-01728	WIZARDRY@1DB34	실행32	1	ひょうじされたなかからおぼえたい	표시된 것 중에서 배우고 싶은
X-01729	WIZARDRY@1DD00	실행22	1	カルマをけっていします	카르마를 결정합니다
X-01730	WIZARDRY@1DE0C	실행24	1	やりなおすことができます	다시 할 수 있습니다
X-01731	WIZARDRY@1DE28	실행26	1	できあがるまで、なんどでも	완성될 때까지 몇 번이고
X-01732	WIZARDRY@1DE44	실행24	1	つかいたいキャラクターが	원하는 캐릭터가
X-01733	WIZARDRY@1DE60	실행30	1	「はい」をせんたくしてください	「예」를 선택해 주세요
X-01734	WIZARDRY@1DE80	실행30	1	つかいたいキャラクターであれば	원하는 캐릭터라면
X-01735	WIZARDRY@1DEA0	실행22	1	ひとりできあがりました	한 명 완성되었습니다
X-01736	WIZARDRY@1DEB8	실행30	1	これで、あなたのキャラクターが	이것으로 당신의 캐릭터가
X-01737	WIZARDRY@1E418	실행14	2	ことができます	되돌릴 수 있다
X-01738	WIZARDRY@1E428	실행16	1	を、もとにもどす	을 원래대로
X-01739	WIZARDRY@1E43C	실행16	1	ボタンのないよう	버튼의 내용
X-01740	WIZARDRY@1E450	실행14	1	でへんこうした	로 변경한
X-01741	WIZARDRY@1E460	실행16	1	ほうこうてんかん	방향 전환
X-01742	WIZARDRY@1E474	실행10	1	こうたい、	후퇴、
X-01743	WIZARDRY@1E480	실행10	1	ぜんしん、	전진、
X-01744	WIZARDRY@1E48C	실행8	1	のいどう	의 이동
X-01745	WIZARDRY@1E498	실행16	1	せんたくカーソル	선택 커서
X-01746	WIZARDRY@1E4AC	실행8	1	きりかえ	전환
X-01747	WIZARDRY@1E4B8	실행16	1	そうびとふくろの	장비와 자루의
X-01748	WIZARDRY@1E4CC	실행16	1	ひょうじちゅうに	표시 중에
X-01749	WIZARDRY@1E4E0	실행16	1	がめんのアイテム	화면의 아이템
X-01750	WIZARDRY@1E4F4	실행16	1	がめんにきりかえ	화면으로 전환
X-01751	WIZARDRY@1E508	실행16	1	となりのメンバー	옆의 멤버
X-01752	WIZARDRY@1E51C	실행12	1	じょうたいで	상태에서
X-01753	WIZARDRY@1E52C	실행16	1	がめんにはいった	화면에 들어간
X-01754	WIZARDRY@1E540	실행12	1	キャラクター	캐릭터
X-01755	WIZARDRY@1E550	실행14	1	さゆうにいどう	좌우로 이동
X-01756	WIZARDRY@1E560	실행14	1	むきをかえずに	방향 그대로
X-01757	WIZARDRY@1E570	실행16	1	システムメニュー	시스템 메뉴
X-01758	WIZARDRY@1E584	실행16	1	どすかえらべます	돌릴지 고릅니다
X-01759	WIZARDRY@1E598	실행18	1	「さいしょ」に、も	「처음」으로 되
X-01760	WIZARDRY@1E5AC	실행16	1	「きおく」するか	「기억」할지
X-01761	WIZARDRY@1E5C0	실행18	1	で、カーソルいちを	로 커서 위치를
X-01762	WIZARDRY@1E5D4	실행16	1	「バトルちゅう」	「배틀 중」
X-01763	WIZARDRY@1E5E8	실행16	1	「いどうがめん」	「이동 화면」
X-01764	WIZARDRY@1E668	실행12	1	ページおくり	페이지 넘김
X-01765	WIZARDRY@1E678	실행14	1	ナレーションの	내레이션의
X-01766	WIZARDRY@1E688	실행12	1	メッセージや	메시지나
X-01767	WIZARDRY@1E698	실행10	1	をよびだす	를 불러냄
X-01768	WIZARDRY@1E6A4	실행14	1	いどうがめんで	이동 화면에서
X-01769	WIZARDRY@1E6B4	실행16	1	せいじ、カルマを	성、 카르마를
X-01770	WIZARDRY@1E6C8	실행16	1	キャラクターさく	캐릭터 작
X-01771	WIZARDRY@1E6DC	실행8	1	けってい	결정
X-01772	WIZARDRY@1E6E8	실행16	1	えらんだものを、	고른 것을、
X-01773	WIZARDRY@1E6FC	실행16	1	ほうこうボタンで	방향 버튼으로
X-01774	WIZARDRY@1E710	실행10	1	んにもどる	돌아감
X-01775	WIZARDRY@1E71C	실행16	1	ひとつまえのがめ	이전 화면으로
X-01776	WIZARDRY@1E730	실행16	1	をキャンセルして	을 취소하고
X-01777	WIZARDRY@1E744	실행16	1	げんざいのがめん	현재 화면
X-01778	WIZARDRY@1E758	실행6	1	かのう	가능
X-01779	WIZARDRY@1E760	실행10	1	でへんこう	로 변경
X-01780	WIZARDRY@1E76C	실행14	1	システムがめん	시스템 화면
X-01781	WIZARDRY@1EEC4	실행12	1	をえらびます	을 고릅니다
X-01782	WIZARDRY@1EED4	실행32	1	なかから「キャラクターをつくる」	중에서 「캐릭터를 만든다」
X-01783	WIZARDRY@1EEF8	실행30	1	つくるばあいはゲームメニューの	만들 때는 게임 메뉴의
X-01784	WIZARDRY@1EF18	실행32	1	じぶんであたらしくキャラクターを	직접 새로 캐릭터를
X-01785	WIZARDRY@1EF3C	실행28	1	ぼうけんをすることもできます	모험을 할 수도 있습니다
X-01786	WIZARDRY@1EF5C	실행30	1	じぶんでつくったキャラクターで	직접 만든 캐릭터로
X-01787	WIZARDRY@1EF7C	실행24	1	キャラクターをつかわずに	캐릭터를 쓰지 않고
X-01788	WIZARDRY@1EF98	실행26	1	はじめからよういされている	처음부터 준비되어 있는
X-01789	WIZARDRY@1EFC4	실행30	1	クターをつかってぼうけんをする	릭터를 써서 모험을 한다
X-01790	WIZARDRY@1EFE4	실행32	1	はじめからよういされているキャラ	처음부터 준비되어 있는 캐
X-01791	WIZARDRY@1F008	실행16	2	えらんでください	골라 주세요
X-01792	WIZARDRY@1F01C	실행24	1	「パーティーをつくる」を	「파티를 만든다」를
X-01793	WIZARDRY@1F038	실행24	1	ゲームメニューのなかから	게임 메뉴 중에서
X-01794	WIZARDRY@1F054	실행10	1	つくります	만듭니다
X-01795	WIZARDRY@1F060	실행26	1	ぼうけんをするパーティーを	모험을 할 파티를
X-01796	WIZARDRY@1F07C	실행32	1	あたらしくゲームをはじめるときは	새로 게임을 시작할 때는
X-01797	WIZARDRY@1F1D0	실행26	1	するパーティーをつくります	할 파티를 만듭니다
X-01798	WIZARDRY@1F1EC	실행30	1	つくる」をえらんで、ぼうけんを	만든다」를 골라、 모험을
X-01799	WIZARDRY@1F20C	실행32	1	ゲームメニューから「パーティーを	게임 메뉴에서 「파티를
X-01800	WIZARDRY@1F230	실행32	1	キャラクターがなんにんかできたら	캐릭터가 몇 명 생기면
X-01801	WIZARDRY@1F254	실행30	1	そろえてパーティーをつくります	모아서 파티를 만듭니다
X-01802	WIZARDRY@1F274	실행32	1	つぎに、つかいたいキャラクターを	다음으로、 쓰고 싶은 캐릭터를
X-01803	WIZARDRY@1F3B4	실행8	1	ください	주세요
X-01804	WIZARDRY@1F3C0	실행30	1	「ゲームをはじめる」をえらんで	「게임을 시작한다」를 골라
X-01805	WIZARDRY@1F3E0	실행32	1	これですべてのよういができました	이제 모든 준비가 끝났습니다
X-01806	WIZARDRY@1F404	실행30	1	キャラクターでこうせいされます	캐릭터로 구성됩니다
X-01807	WIZARDRY@1F424	실행26	1	パーティーは２から６にんの	파티는 ２에서 ６명의
X-01808	WIZARDRY@1F588	실행32	1	ティーにくわえたいキャラクターを	티에 넣고 싶은 캐릭터를
X-01809	WIZARDRY@1F5AC	실행32	1	キャラクターリストのなかからパー	캐릭터 리스트 중에서 파
X-01810	SL@43F00	실행15	1	ウッド ジュエル	우드 주얼
X-01811	SL@44FDC	실행18	1	ＡＭＵ．ヒーリング	ＡＭＵ．힐링
X-01812	SL@44FF0	실행26	1	インビジビリテ ィー リング	인비저빌리티 링
X-01813	SL@461C0	실행14	1	コスモーボット	코스모봇
X-01814	SL@461D0	실행12	1	ラセレテップ	라세레텝
X-01815	SL@461E0	실행18	1	せんのめのかいぶつ	천 개 눈의 괴물
X-01816	SL@461F4	실행18	1	じごくよりのししゃ	지옥에서 온 사자
X-01817	SL@46208	실행24	1	だい９せかいのあくりょう	제９세계의 악령
X-01818	SL@46224	실행18	1	ホラゴースのあくま	호라고스의 악마
X-01819	SL@46238	실행20	1	ダルボレスのせいれい	달보레스의 정령
X-01820	SL@46250	실행12	1	＊ドゥーム＊	＊둠＊
X-01821	SL@46260	실행22	1	アンゴーン・ダイミョウ	앙곤・다이묘
X-01822	SL@46278	실행16	1	ゴースト・ゴーン	고스트・곤
X-01823	SL@4628C	실행16	1	＊ブロンバデグ＊	＊브롬바데그＊
X-01824	SL@462A0	실행14	1	デス・マシーン	데스・머신
X-01825	SL@462B0	실행14	1	メタードロイド	메타드로이드
X-01826	SL@462C0	실행12	1	ドラゴネッサ	드라고네사
X-01827	SL@462D0	실행20	1	エメラルド・ドラゴン	에메랄드・드래곤
X-01828	SL@462E8	실행8	1	ドラゴラ	드라골라
X-01829	SL@462F4	실행12	1	＊スポーン＊	＊스폰＊
X-01830	SL@46304	실행12	1	アルマゴルテ	알마고르테
X-01831	SL@46314	실행14	1	サイ・ビースト	사이・비스트
X-01832	SL@46324	실행22	1	ツォーバーズ・ゴースト	초버즈・고스트
X-01833	SL@4633C	실행15	1	ＴＲ． アサシン	ＴＲ． 어새신
X-01834	SL@46364	실행16	1	ＴＲ．クトゥルー	ＴＲ．크툴루
X-01835	SL@46378	실행18	1	ダーク・サヴァント	다크・사반트
X-01836	SL@4638C	실행20	1	ダーン・ディサイプル	다안・디사이플
X-01837	SL@463A4	실행22	1	デモニック・フィギュア	데모닉・피규어
X-01838	SL@463BC	실행16	1	ファンタスマゴラ	판타스마고라
X-01839	SL@463D0	실행22	1	ゴーストリー・イメージ	고스틀리・이미지
X-01840	SL@463F0	실행16	1	トリッカーツリー	트리커트리
X-01841	SL@46404	실행18	1	ブラッドワイアーム	블러드웜
X-01842	SL@46418	실행20	1	ディンクル・ウイスプ	딩클・위스프
X-01843	SL@46430	실행18	1	ガセアス・スライム	개시어스・슬라임
X-01844	SL@46444	실행20	1	ボアリング・ビートル	보링・비틀
X-01845	SL@4645C	실행18	1	ポイズン・ドラゴン	포이즌・드래곤
X-01846	SL@4647C	실행8	1	デーモン	데몬
X-01847	SL@46488	실행8	1	フィエロ	피에로
X-01848	SL@46494	실행18	1	ブラック・ドラゴン	블랙・드래곤
X-01849	SL@464A8	실행22	1	フロスト・ジャイアント	프로스트・자이언트
X-01850	SL@464C0	실행8	1	ウイッチ	위치
X-01851	SL@464CC	실행20	1	フェアリー・ウイッチ	페어리・위치
X-01852	SL@464E4	실행8	1	ゴーレム	골렘
X-01853	SL@464F0	실행16	1	アース・ゴーレム	어스・골렘
X-01854	SL@46504	실행12	1	ヴァルチャー	벌처
X-01855	SL@46514	실행14	1	ＴＲ．キーパー	ＴＲ．키퍼
X-01856	SL@46524	실행14	1	ＴＲ．ガーダー	ＴＲ．가더
X-01857	SL@46534	실행16	1	ビレット・カネベ	빌렛・카네베
X-01858	SL@46548	실행6	1	ユムー	유무
X-01859	SL@46550	실행10	1	ヒューリー	퓨리
X-01860	SL@4655C	실행10	1	ナイトメア	나이트메어
X-01861	SL@46568	실행20	1	ドリーム・ウイーバー	드림・위버
X-01862	SL@46580	실행22	1	シャドウ・ガーディアン	섀도・가디언
X-01863	SL@46598	실행16	1	ドラゴンリザード	드래곤리저드
X-01864	SL@465AC	실행12	1	アライフート	아라이후트
X-01865	SL@465BC	실행18	1	ＳＶ．バーサーカー	ＳＶ．버서커
X-01866	SL@465DC	실행10	1	ミノスケル	미노스켈
X-01867	SL@465E8	실행16	1	ホッグ・ビートル	호그・비틀
X-01868	SL@465FC	실행22	1	フェティッド・コープス	페티드・콥스
X-01869	SL@46614	실행8	1	＊ベラ＊	＊벨라＊
X-01870	SL@46620	실행18	1	ウイッチズ・ライト	위치즈・라이트
X-01871	SL@46634	실행14	1	？スタチュー？	？스태추？
X-01872	SL@46644	실행18	1	？アレスエイデス？	？알레세이데스？
X-01873	SL@46658	실행16	1	？ヴィ・ドミナ？	？비・도미나？
X-01874	SL@4666C	실행22	1	？ダーク・サヴァント？	？다크・사반트？
X-01875	SL@46684	실행12	1	＊スポット＊	＊스폿＊
X-01876	SL@46694	실행16	1	グルーエンガード	그루엔가드
X-01877	SL@466A8	실행12	1	マンスタチオ	만스타치오
X-01878	SL@466B8	실행14	1	エルイル・オゴ	엘일・오고
X-01879	SL@466C8	실행8	1	ブルナズ	브루나즈
X-01880	SL@466D4	실행12	1	ボーンヘッド	본헤드
X-01881	SL@466E4	실행16	1	ＭＴＮ．スラクス	ＭＴＮ．슬락스
X-01882	SL@466F8	실행18	1	レパ・ジャイアント	레파・자이언트
X-01883	SL@4670C	실행20	1	フローシング・ムンク	플로싱・문크
X-01884	SL@46724	실행24	1	ロード・ＤＫ．フォレスト	로드・ＤＫ．포레스트
X-01885	SL@46740	실행18	1	スケルトン・ロード	스켈레톤・로드
X-01886	SL@46754	실행18	1	ダーン・スピリット	다안・스피릿
X-01887	SL@46768	실행6	1	グロモ	그로모
X-01888	SL@46770	실행10	1	バルブラク	발브락
X-01889	SL@4677C	실행16	1	ＵＭ．トルーパー	ＵＭ．트루퍼
X-01890	SL@46790	실행18	1	ＵＭ．アームズマン	ＵＭ．암즈맨
X-01891	SL@467A4	실행16	1	カイマス・ツラン	카이마스・추란
X-01892	SL@467B8	실행14	1	マグナ・ダーン	마그나・다안
X-01893	SL@467C8	실행14	1	ジャン・エッテ	잔・에테
X-01894	SL@467D8	실행6	1	ケ・リ	케・리
X-01895	SL@467E0	실행18	1	ミック・ザ・ピック	믹・더・픽
X-01896	SL@467F4	실행14	1	ラツプーティン	라스푸틴
X-01897	SL@46804	실행12	1	バルローン’	발론’
X-01898	SL@46814	실행16	1	グラントラッパー	그랜트래퍼
X-01899	SL@46828	실행12	1	ラハーリック	라하릭
X-01900	SL@46838	실행18	1	ロダン・レワークス	로단・레워크스
X-01901	SL@4684C	실행4	1	ヤモ	야모
X-01902	SL@46854	실행20	1	ディーラング・ＴＲ．	디랑・ＴＲ．
X-01903	SL@4686C	실행22	1	ケーボラ・ティーラング	케보라・틸랑
X-01904	SL@46884	실행26	1	シュリティス・ティーラング	슈리티스・틸랑
X-01905	SL@468A0	실행16	1	エイチジェン・ラ	에이치젠・라
X-01906	SL@468B4	실행10	1	バーティー	버티
X-01907	SL@468C0	실행8	1	ガリエラ	갈리에라
X-01908	SL@468CC	실행12	1	ジーン・ゼン	진・젠
X-01909	SL@468DC	실행20	1	ブラザー・ツォーバー	브라더・초버
X-01910	SL@468F4	실행16	1	ブラザー・モーザ	브라더・모저
X-01911	SL@46908	실행8	1	ウルガー	울가
X-01912	SL@46914	실행10	1	ソグヘイム	소그헤임
X-01913	SL@46920	실행14	1	ワンダーランド	원더랜드
X-01914	SL@46930	실행18	1	ファーザー・ルラエ	파더・루라에
X-01915	SL@46944	실행10	1	ベルカンゾ	벨칸조
X-01916	SL@46950	실행12	1	ボエリガード	보에리가드
X-01917	SL@46960	실행10	1	ロザリアン	로잘리안
X-01918	SL@4696C	실행6	1	パルク	파르크
X-01919	SL@46974	실행10	1	ダンゴアー	단고어
X-01920	SL@46980	실행16	1	ブラインドメイス	블라인드메이스
X-01921	SL@46994	실행10	1	グライマル	그라이말
X-01922	SL@469A0	실행18	1	ファイヤー・クロウ	파이어・크로
X-01923	SL@469B4	실행24	1	ウオーキング・アンデッド	워킹・언데드
X-01924	SL@469D0	실행14	1	ゾンビ・スケル	좀비・스켈
X-01925	SL@469E0	실행20	1	ラットキン・ロウニン	랫킨・로닌
X-01926	SL@469F8	실행16	1	ＴＲ．テクニック	ＴＲ．테크닉
X-01927	SL@46A0C	실행16	1	ゴーン・サムライ	곤・사무라이
X-01928	SL@46A20	실행16	1	ゴーン・ランサー	곤・랜서
X-01929	SL@46A34	실행18	1	ヘラゾイド・エース	헬라조이드・에이스
X-01930	SL@46A48	실행18	1	ゼノ・ロケッティア	제노・로케티어
X-01931	SL@46A5C	실행22	1	ゼノゾイド・フライヤー	제노조이드・플라이어
X-01932	SL@46A74	실행10	1	？ゾイド？	？조이드？
X-01933	SL@46A80	실행20	1	ゼノゾイド・ランナー	제노조이드・러너
X-01934	SL@46A98	실행18	1	ＳＶ．クイ・サーカ	ＳＶ．쿠이・서커
X-01935	SL@46AAC	실행20	1	ＳＶ．コントローラー	ＳＶ．컨트롤러
X-01936	SL@46AC4	실행22	1	サヴァント・トルーパー	사반트・트루퍼
X-01937	SL@46ADC	실행18	1	サヴァント・ガード	사반트・가드
X-01938	SL@46AF0	실행20	1	ラットキン・ラズーカ	랫킨・라주카
X-01939	SL@46B08	실행20	1	ラットキン・リーダー	랫킨・리더
X-01940	SL@46B20	실행20	1	ラットキン・ハンター	랫킨・헌터
X-01941	SL@46B38	실행18	1	ラットキン・シーフ	랫킨・시프
X-01942	SL@46B4C	실행24	1	ラットキン・バンディッド	랫킨・밴디트
X-01943	SL@46B68	실행10	1	ラットキン	랫킨
X-01944	SL@46B74	실행18	1	ラットキン・ローグ	랫킨・로그
X-01945	SL@46B88	실행14	1	ゴーン・ロード	곤・로드
X-01946	SL@46B98	실행16	1	ゴーン・アシガル	곤・아시가루
X-01947	SL@46BAC	실행16	1	ゴーン・リーダー	곤・리더
X-01948	SL@46BC0	실행18	1	ゴーン・シャーマン	곤・샤먼
X-01949	SL@46BD4	실행18	1	ゴーン・レンジャー	곤・레인저
X-01950	SL@46BE8	실행6	1	ゴーン	곤
X-01951	SL@46BF0	실행18	1	ゴーン・スピアマン	곤・스피어맨
X-01952	SL@46C04	실행16	1	ハイ・ファーザー	하이・파더
X-01953	SL@46C18	실행16	1	ダーン・アポスル	다안・어파슬
X-01954	SL@46C2C	실행18	1	ダーン・プリースト	다안・프리스트
X-01955	SL@46C40	실행14	1	ダーン・カナン	다안・캐넌
X-01956	SL@46C50	실행6	1	ダーン	다안
X-01957	SL@46C58	실행20	1	ダーン・イニシエイト	다안・이니시에이트
X-01958	SL@46C70	실행10	1	サイムンク	사이문크
X-01959	SL@46C7C	실행14	1	マッド・ワダー	매드・워더
X-01960	SL@46C8C	실행16	1	ムンク・ニンジャ	문크・닌자
X-01961	SL@46CA0	실행24	1	ＤＫ．フォレスト・ムンク	ＤＫ．포레스트・문크
X-01962	SL@46CBC	실행6	1	ムンク	문크
X-01963	SL@46CC4	실행24	1	ディメンティッド・ムンク	디멘티드・문크
X-01964	SL@46CE0	실행22	1	Ｉ．Ｕ．Ｆ．グレネード	Ｉ．Ｕ．Ｆ．그레네이드
X-01965	SL@46CF8	실행14	1	ＵＭ．コマンド	ＵＭ．코만도
X-01966	SL@46D08	실행16	1	ＵＭ．トラッカー	ＵＭ．트래커
X-01967	SL@46D1C	실행14	1	ＵＭ．スカウト	ＵＭ．스카우트
X-01968	SL@46D2C	실행16	1	ＵＭ．レニゲイド	ＵＭ．레니게이드
X-01969	SL@46D40	실행8	1	アンパニ	안파니
X-01970	SL@46D4C	실행16	1	ＵＭ．ラフィアン	ＵＭ．러피언
X-01971	SL@46D60	실행14	1	ＴＲ．アサシン	ＴＲ．어새신
X-01972	SL@46D70	실행14	1	ＴＲ．エルダー	ＴＲ．엘더
X-01973	SL@46D80	실행14	1	ＴＲ．ワイザー	ＴＲ．와이저
X-01974	SL@46D90	실행18	1	ＴＲ．ウオッチャー	ＴＲ．워처
X-01975	SL@46DA4	실행16	1	ＴＲ．ワイルダー	ＴＲ．와일더
X-01976	SL@46DB8	실행12	1	ティーラング	틸랑
X-01977	SL@46DC8	실행14	1	ＴＲ．ヤンガー	ＴＲ．영거
X-01978	SL@46DD8	실행18	1	クラスト・スラクス	크러스트・슬락스
X-01979	SL@46DEC	실행24	1	ジャイアント・インセクト	자이언트・인섹트
X-01980	SL@46E08	실행16	1	ケイブ・スラクス	케이브・슬락스
X-01981	SL@46E1C	실행16	1	ライム・ドラゴン	라임・드래곤
X-01982	SL@46E30	실행18	1	グリーン・ドラゴン	그린・드래곤
X-01983	SL@46E44	실행16	1	ドラゴン・パピー	드래곤・퍼피
X-01984	SL@46E58	실행22	1	ギガンティック・ワーム	기간틱・웜
X-01985	SL@46E70	실행14	1	コンクイラーダ	콘퀴라다
X-01986	SL@46E80	실행12	1	メガーボット	메가봇
X-01987	SL@46E90	실행12	1	デス・マシン	데스・머신
X-01988	SL@46EA0	실행16	1	バトル・ドロイド	배틀・드로이드
X-01989	SL@46EB4	실행18	1	ピラニア・シャーク	피라냐・샤크
X-01990	SL@46EC8	실행18	1	レッド・フィッシュ	레드・피시
X-01991	SL@46EDC	실행16	1	レッド・ピラニア	레드・피라냐
X-01992	SL@46EF0	실행24	1	デーモン・オー・ディープ	데몬・오・딥
X-01993	SL@46F0C	실행20	1	グレーター・デーモン	그레이터・데몬
X-01994	SL@46F24	실행10	1	ネクロマニ	네크로매니
X-01995	SL@46F30	실행10	1	ヨグソース	요그소스
X-01996	SL@46F3C	실행16	1	レサー・デーモン	레서・데몬
X-01997	SL@46F50	실행8	1	コリドラ	코리드라
X-01998	SL@46F68	실행12	1	バイターバグ	바이터버그
X-01999	SL@46F78	실행16	1	モトル・クラッド	모틀・클래드
X-02000	SL@46F8C	실행16	1	ミクシルミンクス	믹실밍크스
X-02001	SL@46FA0	실행6	1	ゴジリ	고지리
X-02002	SL@46FA8	실행18	1	ウッド・ドライアド	우드・드라이어드
X-02003	SL@46FBC	실행6	1	ニンフ	님프
X-02004	SL@46FC4	실행18	1	ウオーター・ニンフ	워터・님프
X-02005	SL@46FD8	실행22	1	ボルダー・ジャイアント	볼더・자이언트
X-02006	SL@47000	실행24	1	フォレスト・ジャイアント	포레스트・자이언트
X-02007	SL@4701C	실행10	1	クア・タリ	쿠아・타리
X-02008	SL@47028	실행18	1	２ヘッド・ライオン	２헤드・라이온
X-02009	SL@4703C	실행8	1	バンタリ	반타리
X-02010	SL@47048	실행20	1	フラワー・オー・シー	플라워・오・시
X-02011	SL@47060	실행10	1	ゼリマーガ	젤리마가
X-02012	SL@47078	실행20	1	ゼリー・スティンガー	젤리・스팅어
X-02013	SL@47090	실행8	1	タバガン	타바간
X-02014	SL@4709C	실행14	1	ハローウイーチ	할로위치
X-02015	SL@470AC	실행20	1	マン・オー・グローブ	맨・오・글로브
X-02016	SL@470C4	실행16	1	ドラゴン・ルーク	드래곤・룩
X-02017	SL@470D8	실행16	1	ロック・リザード	록・리저드
X-02018	SL@470EC	실행16	1	ケーブ・スライム	케이브・슬라임
X-02019	SL@47100	실행14	1	バンビ・フート	밤비・후트
X-02020	SL@47110	실행8	1	レイヴン	레이븐
X-02021	SL@4711C	실행8	1	レックス	렉스
X-02022	SL@47128	실행22	1	ギガンティックリザード	기간틱리저드
X-02023	SL@47140	실행14	1	カーノサウルス	카르노사우루스
X-02024	SL@47150	실행16	1	コモド・ドラゴン	코모도・드래곤
X-02025	SL@47164	실행22	1	ジャイアント・リザード	자이언트・리저드
X-02026	SL@4717C	실행12	1	イグアノドン	이구아노돈
X-02027	SL@4718C	실행18	1	シャドウ・クラスト	섀도・클러스트
X-02028	SL@471A0	실행18	1	パクシック・ウーズ	팍식・우즈
X-02029	SL@471B4	실행18	1	ファンガス・ウーズ	펑거스・우즈
X-02030	SL@471C8	실행24	1	クロウイング・ウエイスト	크로잉・웨이스트
X-02031	SL@471E4	실행22	1	クリーピング・クラッド	크리핑・클래드
X-02032	SL@471FC	실행22	1	キャッシャー・スラッジ	캐셔・슬러지
X-02033	SL@47214	실행22	1	バンパイア・バルチャー	뱀파이어・벌처
X-02034	SL@4722C	실행22	1	スペクトラル・レイヴン	스펙트럴・레이븐
X-02035	SL@47244	실행18	1	バンパイア・ルーク	뱀파이어・룩
X-02036	SL@47258	실행16	1	ブラック・バード	블랙・버드
X-02037	SL@4726C	실행14	1	ナイト・ルーク	나이트・룩
X-02038	SL@4727C	실행18	1	ベアー・ウイービル	베어・위빌
X-02039	SL@47290	실행18	1	ボアー・ウイービル	보어・위빌
X-02040	SL@472A4	실행18	1	ベノム・ウイービル	베놈・위빌
X-02041	SL@472B8	실행4	1	バグ	버그
X-02042	SL@472C0	실행20	1	スタッグ・ウイービル	스태그・위빌
X-02043	SL@472D8	실행14	1	ルナ・モスラス	루나・모스라스
X-02044	SL@472E8	실행16	1	グロウ・モスラス	글로・모스라스
X-02045	SL@472FC	실행18	1	スペクトラル・モス	스펙트럴・모스
X-02046	SL@47310	실행12	1	アリー・モス	앨리・모스
X-02047	SL@47320	실행12	1	グロウ・モス	글로・모스
X-02048	SL@47330	실행16	1	マントラ・フート	만트라・후트
X-02049	SL@47344	실행14	1	ガンビ・フート	감비・후트
X-02050	SL@47354	실행14	1	アライ・フート	아라이・후트
X-02051	SL@47364	실행6	1	フート	후트
X-02052	SL@4736C	실행16	1	ダンディ・フート	댄디・후트
X-02053	SL@473B0	실행12	1	ヴィ・ドミナ	비・도미나
X-02054	SL@473F8	실행14	1	スペースシップ	우주선
X-02055	SL@47408	실행20	1	＊　ブロンバデグ　＊	＊　브롬바데그　＊
X-02056	SL@47420	실행14	1	フォーンザンク	폰잔크
X-02057	SL@47490	실행24	1	ケーボラ・ティーラング”	케보라・틸랑”
X-02058	SL@474AC	실행6	1	カボム	카봄
X-02059	SL@474F4	실행10	1	バルバラク	발바락
X-02060	SL@47500	실행16	1	アンパニ・ガード	안파니・가드
X-02061	SL@4752C	실행12	1	スフィンクス	스핑크스
X-02062	SL@4753C	실행10	1	ハイリンダ	하이린다
X-02063	SL@47608	실행18	1	ザ・パレス・ムンク	더・팰리스・문크
X-02064	SL@4761C	실행18	1	ブラザー・モーザー	브라더・모저
X-02065	SL@47630	실행14	1	ウェル・コイン	웰・코인
X-02066	SL@47640	실행20	1	サバント・トルーパー	사반트・트루퍼
X-02067	SL@4766C	실행26	1	ディーラング・ティーラング	디랑・틸랑
